-- MySQL dump 10.13  Distrib 8.0.16, for macos10.14 (x86_64)
--
-- Host: 127.0.0.1    Database: heraut
-- ------------------------------------------------------
-- Server version	5.7.30

/*!40101 SET @OLD_CHARACTER_SET_CLIENT=@@CHARACTER_SET_CLIENT */;
/*!40101 SET @OLD_CHARACTER_SET_RESULTS=@@CHARACTER_SET_RESULTS */;
/*!40101 SET @OLD_COLLATION_CONNECTION=@@COLLATION_CONNECTION */;
 SET NAMES utf8 ;
/*!40103 SET @OLD_TIME_ZONE=@@TIME_ZONE */;
/*!40103 SET TIME_ZONE='+00:00' */;
/*!40014 SET @OLD_UNIQUE_CHECKS=@@UNIQUE_CHECKS, UNIQUE_CHECKS=0 */;
/*!40014 SET @OLD_FOREIGN_KEY_CHECKS=@@FOREIGN_KEY_CHECKS, FOREIGN_KEY_CHECKS=0 */;
/*!40101 SET @OLD_SQL_MODE=@@SQL_MODE, SQL_MODE='NO_AUTO_VALUE_ON_ZERO' */;
/*!40111 SET @OLD_SQL_NOTES=@@SQL_NOTES, SQL_NOTES=0 */;

--
-- Table structure for table `animals_type`
--

DROP TABLE IF EXISTS `animals_type`;
/*!40101 SET @saved_cs_client     = @@character_set_client */;
 SET character_set_client = utf8mb4 ;
CREATE TABLE `animals_type` (
  `id` bigint(20) NOT NULL AUTO_INCREMENT,
  `name` varchar(255) DEFAULT NULL,
  PRIMARY KEY (`id`)
) ENGINE=MyISAM AUTO_INCREMENT=7 DEFAULT CHARSET=utf8;
/*!40101 SET character_set_client = @saved_cs_client */;

--
-- Dumping data for table `animals_type`
--

LOCK TABLES `animals_type` WRITE;
/*!40000 ALTER TABLE `animals_type` DISABLE KEYS */;
INSERT INTO `animals_type` VALUES (1,'chien'),(2,'chat'),(3,'rongeur'),(4,'reptile'),(5,'oiseaux'),(6,'insectes');
/*!40000 ALTER TABLE `animals_type` ENABLE KEYS */;
UNLOCK TABLES;

--
-- Table structure for table `announces`
--

DROP TABLE IF EXISTS `announces`;
/*!40101 SET @saved_cs_client     = @@character_set_client */;
 SET character_set_client = utf8mb4 ;
CREATE TABLE `announces` (
  `id` bigint(20) NOT NULL AUTO_INCREMENT,
  `active` bit(1) DEFAULT NULL,
  `city` varchar(255) NOT NULL,
  `created_at` datetime DEFAULT NULL,
  `currency` varchar(255) DEFAULT NULL,
  `dept` varchar(255) NOT NULL,
  `description` longtext NOT NULL,
  `fare_per_day` decimal(19,2) DEFAULT NULL,
  `fare_per_hour` decimal(19,2) DEFAULT NULL,
  `fare_per_month` decimal(19,2) DEFAULT NULL,
  `street_address` varchar(255) NOT NULL,
  `title` varchar(255) NOT NULL,
  `updated_at` datetime DEFAULT NULL,
  `uuid` varchar(255) DEFAULT NULL,
  `user_id` bigint(20) DEFAULT NULL,
  `picture` longblob,
  PRIMARY KEY (`id`),
  KEY `FKhrk61v9pg80cuogbbjiknubcb` (`user_id`)
) ENGINE=MyISAM AUTO_INCREMENT=10 DEFAULT CHARSET=utf8;
/*!40101 SET character_set_client = @saved_cs_client */;

--
-- Dumping data for table `announces`
--

LOCK TABLES `announces` WRITE;
/*!40000 ALTER TABLE `announces` DISABLE KEYS */;
INSERT INTO `announces` VALUES (1,_binary '','Paris','2020-01-27 08:08:27','euro','75','my descezaeaz useeerrrr ADMINe',20.00,5.99,25.00,'eazoelaopzle aze ae a','thats firstazeaeae fheo','2020-04-25 16:28:52','db33d8b3-b138-4963-85d8-abea0a7cbcc3',1,_binary '\\\0Exif\0\0II*\0\0\0\0\0\0\0\0\0\0\0\0\\0Ducky\0\0\0\0\0\0\0\{http://ns.adobe.com/xap/1.0/\0<?xpacket begin=\"﻿\" id=\"W5M0MpCehiHzreSzNTczkc9d\"?> <x:xmpmeta xmlns:x=\"adobe:ns:meta/\" x:xmptk=\"Adobe XMP Core 5.3-c011 66.145661, 2012/02/06-14:56:27        \"> <rdf:RDF xmlns:rdf=\"http://www.w3.org/1999/02/22-rdf-syntax-ns#\"> <rdf:Description rdf:about=\"\" xmlns:xmpMM=\"http://ns.adobe.com/xap/1.0/mm/\" xmlns:stRef=\"http://ns.adobe.com/xap/1.0/sType/ResourceRef#\" xmlns:xmp=\"http://ns.adobe.com/xap/1.0/\" xmpMM:OriginalDocumentID=\"39DA2E0FD78FB37140990EC4B7FC096F\" xmpMM:DocumentID=\"xmp.did:37F196F4E7EB11E7979CF626567B9EB6\" xmpMM:InstanceID=\"xmp.iid:37F196F3E7EB11E7979CF626567B9EB6\" xmp:CreatorTool=\"Adobe Photoshop Lightroom 6.7 (Macintosh)\"> <xmpMM:DerivedFrom stRef:instanceID=\"xmp.iid:5c9b3fb6-ba6d-4074-9d87-8049929faea0\" stRef:documentID=\"xmp.did:5c9b3fb6-ba6d-4074-9d87-8049929faea0\"/> </rdf:Description> </rdf:RDF> </x:xmpmeta> <?xpacket end=\"r\"?>\\0HPhotoshop 3.0\08BIM\0\0\0\0\0Z\0%G\0\0\0\08BIM%\0\0\0\0\0\ȷ\x/4b4Xw\\\0Adobe\0d\0\0\0\\0\0\r\Z\Z\Z\Z#%\'%#//33//@@@@@@@@@@@@@@@\Z\Z&\Z\Z\Z\Z&0##0+.\'\'\'.+550055@@?@@@@@@@@@@@@\0\"\0\\0\0\0\0\0\0\0\0\0\0\0\0\0\0\0\0\0\0\0\0\0\0\0\0\0\0!1AQ\"aq2BR#\b3\r$CS\\c\s4DT\0\0\0\0!1AQaq\"2B\\RbrC\#3\\0\0\0?\0\	\0\\l\rIPԤ\Z2\*\Z2\nj j0X&\5i4\YM)N3BKIG\qeL3h`#T\ZY\G\0#	iC$\rF\0luI`H\aت`!fM$\nT!AP$$ 0ܐH`iA$2T\0E1\. \"h\	Lc+iR2خ;ǹYR8ݱz\Q\SFfT`Dz#-\5\Zd&\@RTH*\nRTH*JP) *9Te*\J$	\rʒKleDi^\\n\*M#iV\6\6\Q#i^\\n\vɶ$m(\I~\6\$\PR)IyX6\&vI^V\r&v\8\V\#\FoN\rAH\nK\\3P\%\"#dRF\\nK$\g\&\/\\$m9BFSd\ZI$*\Z2JJ$%BlXkHe7 bi+5j\\\c\f3{8%,e*eg&MY`\"\aG7$\Z\#,Di2\T FL%CP\!A&IHI$\\0%C$\0\, CP$d\0jJ	P%!SEq[8\"i3\rd]%5.k:T\mED\rM,*$4(Ty\"D\,1e-RTjRTjD	RTjR@%F*Y3ԕ\ZT$-AQ\JD	P\jG*Y$	RTjD	PmT BTdW\rʂI{`\,*Y$\l\"$J\+.\")\JJ\+/+IRmmlM@N%CRT5T5%CRC%CPI$2C2CR\%B4\02\2*:f-ۂ\j4c\rg\Fi\&\"02ltR\aE0#	aI 	$ \0dA\0IP\02I$C2\"0#\n	*\Z\0\"Բ\"Y$	QKV*#3\d{-D94PD\j-M&sjT5%J@I$5\0SF*R@%F \r@`Y*\Z %F*	\5\rCPX@jJRT\@jJRT*=IQ%*JRTH mA$UPT,*=IR\ J\ B\",*$VV\nTK&`*XD \\Zs\\*\ZI j\Ẑj\Z\nj	$*\Z\nJHE*:#,D*#lV,bNlS\\"	b\4wNB%+Za* \ZƨB\ɸ\@	m!0fMC\0I*d(dHI !H\c	qFA	 $\"#R\ \(D\"Ub:Y|egI \k:UnT0\сj!*YQH\r$5%JAd\" ԕ\ZI\0*\Z@*\Z\0*5IP*5ARIQ\n@%F*Q\;c\rI%HJԄDRTI KDh\AR*=APHJH\"=APHK$5 zO`j\Z\nj\!*\ZI*\Z$v\"D1@:`6n\&V=F2\\QIcl\` 0f\\:KL3GQ,Q`gz@\gD2C!\\0dH)*$0	haT\\I\0 HRE$eA$C\0CRT\0T B!\n\Z)SffZ3[	CҬ\tURCRMRC$\0IP\\0Z@Dj\nRT\%@jJRTHj\Z\0T\0ZT*\Z\%D\Z$	$*\0*\n\0H\ȋR\\"ԦZ@G*$%AQ\\nI\\Z\>dj\ZH*\Z$\0$6(\\	,\gJ\P\,\geA\\l;d{\nm$R\rB I&\\0I& řֈu\TKN-#	d$@	!PA$@d(d2I\0I$CF\n\2C$i\n	!I$2\ I0@+a)ȳAIX3\*t$b I\0 \@J$ZTj\Z@$5%@A\Z\0\Z\Z,\Z\ HHS Ƃ\0zRZT,A J\*JRT;Pԕ\rOa$\rIQ\R8I4ت\gj\aI\'ER	\0\gTP\5\rI&ZT5H\\IRCP\ I&%\4(/I3\ZGq9\ZI&a!CRT@IP\5\0@$I\0C$T5$\0T2I\0\"0Q1DiC \n!I\n	$! \0\h\)e,TVnL4TD,\")L\BT\Z	* RTj-CP\\0%C$T2@d\n*	\0*\ZJI$)$HcE0\0`dL%F*Q\ %CRTj%%D**XDR%@G\"\nA\j	,I$,`\\\qB\\0 B\gEP@m 2i\"T5%CR\ZCP\5P\ CQ%T CPԒXň#t\8#tCC\0d\a\0 $ H!\jJ\0*\nPT5AQ$\rI C$C 4\TE$*\Z\0MC$LI$@d\$E1\Ped@DcM#\%K$*JD) %CR@\0CRT\0I\rIPj\nRTajH\0* $QZAP@IFP\n\ZHjC cJF!Tz$0\,\\@0	$ҨF#$H\0B5	$\@!\Zij\Z,\0j\Z*0T`$\njI5\5\Za !PDq\eC@#	tD5@#2ʁI \0*H`\)\n9\3rɁ\Z\\3\\\\\[//:c9ۏt\r \]\ϕS\P\\\0>r\G~6\\rv{Sj;w=x\\\G\\\\].t0\X֗\\"|=!Y~m\n?ݞ\\BM\n}\:\\_sPuk\	\0eعY#\C\\P\Ⱥ\\\}Q\>\\0s\\g~C\)\'\=sx؛p]A|k\	\\73\\~-\MSt\ru\<aвC%J@I2@\P\)QH *94B#I\"-K*JIu,aRTdj\\0CR@\\0T2TF\0Tj#IP5IR*5IQ\"*4hR\n`Z4)@@\\\0I%@ FI4\rF\Z*B\5\rCRIP\5\rI&\ZjI,\ZJ\r@*\ZJDJIR Lm DC\($fa\nI$@H!PI$$H\\Z\n;\0f\>2=|mVxz$\m\0\0<N:|$\r{\\.xкtj/H`j.\0	!T\\RI\\'iZ\r@nOTN?#M\\ƽYׇܶՇڽ\y\\\0uǌ\0\П	\x~\0	&s\\w\w\.\\+\rɈڟC3\yellx\\0\g\7\\kgkT\ZCRI=$I\0C%A*=IRȂ L$$A)bB Je$$j@$\@I$0@$\#A\\0%C$\0T\0C\0A\ZH,\Z$PTjrB\\'\0 F\"K\0!5I&P!\\rI%j\ZRTI`ZjI,j\Z\ZjB*\Z\nI!`@!T\"Fi D`\QL!I H%!$!$H)$H{\\~\\\\\e߄eO2[q>Ʀ>Q\\y+\\\'p\\G>E\&i.EǉK\ZUIqy},\<X\x8\O>V1\Z,_\SG\zWN\0\si\\n\\պҟ\ͤ`\>\'%,\w\JVVX\Ѳ0PB,\ēf43#̪v\Z\\-b[v\'\'%hGd#\0:\G6J\]\\yI*\43\\0\\#d\rW\\W`4YFFr:\Z\>kT]$iol0C;I2AE\"\n\Ԑ\PAQ,% AX$IH-IQ\n\0%C$HAQ\Pԕ\0%CRT\0I\rIP$5%@d-IQ@$2@Hdԕ(\%AA\0F\#:\\T F$*\Z*\Z$\nT5X\%I\"RT5\rA`\rCRTP\5\rI%aJI!C CDHdQHh2I$\\0I$2T5\0IC$\0O\099\+|t=?\C~\qq[?\\v~\1\~J\[m՛\-z\\\\0\\\ Ɲkc\ǹ\\%u@k-6\m[>I(JeE,\\bfϏo\~\0w\'Lxd\Qh\\;p[W99wط\\QX\\<}ى\\YqhYf\Z}\\lTl8\\\q\u\L\\\\RNuMVT#ƦֵYWܸ5ϛ\2ze@/ueS\wy\1e.\ZA@4\0\pqs61\l\\0\t\|\˃7v+Nn\g~!9I$H!\0*\nC$A4R\nD\ZH %CRT\0* @*\n\0I\rIPAajJ-IQJ\\rIP %CR@dI@$H\04$\0\"@CRK Z	\\ZH\0!\0\\l\T5\0a\\5\5\T%,2!4jzF,jJK\0j\ZDd,\0$,%C  \n$BFi @$\nI$!JI!\0 wDFw`َ\\\\ax\]?\"\09\RݍRܫ\r\Rqa_\\\7޽\?$b\Pdwou:\|D\\zԶM\\~\l/Z~癳]e}\6mV\g\nQ\}\D;;WjK\η#؈\0ݷK\V.^NC\ES\~\"doS>W-t\mk.6LBͧ\&W\p~\W$tCr\bY\,\\Yd#\n3\\Z|uh\\\$j\aVmD\\[;x./`\n\Zzd\n뮿\yCB\Nl= \A3\p\\*}8絞\-\x5ǣ~OU\o+\NB.ll\P	Ѩw\:bĻ1\"\^P\nR)\r\L\y6\\§FtǑ\P\$f	$@$I\0I$\0I$A2@)	$A	$2@H\Td\$d\n\0$\0 I$* d,\0 @C$*5AP ZT*5A:\\G\\$F?[\\\}U~?/GX:\9ΫQ\0Toe+\\G~?\7<3W\3\\.\\̢7Ǥ\eX={M}\7֦~\5\\ř\~{2\\J1FݸߌŸ.YG܊7.\\8¼c(J>_t\,m.Nn&5sR\\\\GZZ4=C\Zprc:56\Ѵ\\Z\\'J\=T	%I\F\Z\d\jWꯌ!ǌd\\M\\205IQwn1A\0\$2I$0$H)!HI$Lٓ\Y>\G>F͑\g%\\0\\0\'ˏ\0S%}\?\kz\W\\z?\\\\\F>d\a\y\\/.D\0_7\\+?=\/kl\\ѝyxU\Yns\\{#X}	\OB؏;3d?\\\\s\Xu\M\\nuGy\\jj\\q\<׳\j3\|LGZ:ʭ\m:\P\l	d+ӭU	\1aEīR\r\\\?rC7b4\}YENO\\\#&ʒo\?|O\b\[\ۖpz_\Z\?\\hܧj;6\'Ã,\\0\_Z\\G0r}\0ٸ[#\r:b\h31\t_`ӯ\0\~\ { \r+\qa(Qܞu\Vt/\UmO/\\ۇ\0\_\f\'p9\[\ǜ#\:Ϙq*\,	\u,zu\\\\\\\`Ï$aSʤa.I\o;(\7~=91N]\\"A<\\'?g\\ϕ\\"eW\n\v\1tۯ\=>FF5ɉ\\v\09\$RI K\KwA\z42|`X!l=Q\' \\HVs8t\	?P\"]\yB)\\J5I2~EnKKl\\俌\M\,NA\\^	v1ر&\\@}\\'\62o]݈\pft\;\޾2Z\0}\9\}ϔH\I\9#{\\'G\&\kw\\&3\7r\@)~_\n=%,x\2}ߙ\t\\nzk2Xcל?:\{kǌ3˟w\\>י\~6\'#P$<%k\\M\8\/\\\\:/C}{{~v\\{nZ\MD_{?\j\\M\Ko\Gy~\\\kĮ\ag\bq\Fe[(\}]\Btij\L[\"^8yԚ˹!\0\9Fc.NK\'\4\\x\Yw&\\3b\c\\C/ybn	\oj2sr&c\0\\6)c\'L\F\0.\;M#2\\\\2B@\\\o\\\\\\	\0#~3,\r\2.[\8I C$!C!I$@$\"D\0\g\0\TS\H\!W\\'\\;p%rj͍\n\\ɝ\,\m$L\\9nt_~\s~o3\[;)UQ*O~\\\\\[\k_-L$\\9#(8g\\uⵯJ\7\\k{K|\H|8\CJ\\\KPz\E|\\\?8\-\3\EˋOA#\\\\0nμ\H\O]\\V\p\`jVß\eu+~%\K\m]\k\=\a\\(IpkT\D͇Te\\r\d\\\?\\\8\ַ\?d{o!\'\t\\0Z\\\'\X\</5kY\\\<.&\'B\Z\lmq\\\3 ɐ 96VA\V3qrAl9P@0Rhi\~ھӓ..5ȩ\.]\CD\N<U<[f\N\\\W.\\\\ܷ\Զ.G\Za\0\\'\g[OW\ndK($K\Sͯ\\N7)FA\r\u\Zyۃ=\\a\vɐ}\'\Z\-x\3<\\Z9\\QykJ)Ԟcv@?p\ד\08<x\>CQ\/I\\\Jp&bo\jz\lg{m\0*\\J\v\\A\wtq\\Oq\yh+~鯃\kd\\k\\@&ss:f\m\#1V\Z\ބNN<\\\m6\\\ޟS.Li\g,@\0\k\d\{\p	r1e\7d\GҦ~Rc\\\m̘q<w\"\\>O|99X} }3\g\ټ\\O\N\e[ydbȬE\0\Ohe\\SF\hw\\\[!!\0R\"iBq\Z\\E @)\rqqQb,\	\ \MhIb$@5%\\5 F#j$@\0\\Z\"\04˅J\ ǒW]f(\mr;\*D\\\d\b\9Tʫ&,;5}[kر\\"ρ\8PƇ\7\P\.+rQ|>\*v\o#j#\pkWoS\Z\K\Mk\ZV$0\n\u\n\Wd0LG\OMP\@Њr\}vE}=\մх\6\<}Y\Ҍ,$ʎR\\5>G1%ػ\l\r\\#bP\ZG\\\0>4eG\67\'i\Z\T\t$8\+<i\)oa%%6O\|o>fc\eػ{\t\}mq\l%2)B\s\\m\?+\0Dq\0p5\MF\0\P|w?\Z\5\\ZBdfR\dqq\\n=\/Z{z\S\`\«߼s1k%j\\)*\\T5\\hL4*\J宼v\\\m7\З83]\`{3+p}\N\~$\\\q\{\Z!	:KWMe8S.\hyT\\\vm>Y79\6`WIb޲iBo^<\\sf!)\rJeTXh`$I\n`\0d\0{\\^\|\՟ d\(՛!~KԙП<\\͟޳``UxՋ\Z\n\[\ӊև\1\gZ\W9f\=efb%d\g\5POk\\`F\Z\\ş\gvd\وyÐ\ʣ>ZO\0\q\ƺYv~~UCRzxGvEiS\\NG2u\0ov3\\?\j\H t(֯sBk\'\\|2F\\pr\V\ΗI\Ʒࣴ\\9`F\gYu\'7|\"\\\\zVz\?W\\^\r\ONJS\{\Ci)\WDד\^^8Sm멿\y\'7v2\j:OS\̙Ÿ\\C-o\t\\\k\0m3\4WJ<x՘o\H%Hc\jY(ɋ=1ꍓ\Z\#<,\1?\'7\0\\\9n\'%\4\\:謳\\Ӗ}-\\\-\mG\\\8\\<|Ǘ:qշn\\?\0?Y}˓\?\\\Y0̜^B/Į{\\nrc`\F\ZX\G\'έRG\\<>Չ\WCz~`\fŇ}1w\{O\0\Ojcc-[j\\NL\\'\Qy9`2f\'\u_\>c\mXÏ\ƨ.q\[\Z6\s*:~\f놜Ԣ_o\Y\K^eQ\~\\pFJOK<o\kLs6n_+_\z\e#Յ$\ *5IP\YP\0Kn&X,\BZB\vr6- \J$Oia\$\f(S	\\-\:Y\Z\\0I_UT\0\rM\V&\\ڌtc )۲]\\0\}\\\\~\\{7RBќK\5y\R}~c\@{J\\|1[\T\]\\B\j\_\qۣ\\"ˏo#\6\g_ȃ\;caLu8ɏ>7\ܵ2g#Ss-2]\|\]\1>o\-pE\\M(29r/I1@3\\\"ڵ̶ʒdf;\\98yAq宵\˶|ʍ\:+\Z\\\t,&\i23Q~\pMQdB7bl9\&0kOs6Lm~1[܊\v\KVu=sޘuKЉf/|G4\\\\>\M3*._\yX\\0\Ld\\y\\j\\J݇\\\\o\.2	҇Y\\0|f`	doo\\\\me\n\\^\\0pώ\F\0VD\t\e\B>\Z\\gW\0\Ɂ=\&\#e)\?i\Ÿ̷\'G\^P,\'CD^\K\\%WSv%z%\u+<r\T\KAX\#7Lm\;D	\"\Bۈ\4c8U~^\\\"\\\H\\tю\[bu?9r\,E\\0}0\\:\\ah{ܼm*١ZCX\#\7gYn(UäoP\\n\8Qޏ\*D9j17s5*^.-fYdg\/\	b\\.\+\F=5\p\\іThQ\Z\ZBC\0$I\nH`\0dH<\^\'+;ǈ\Z g\'//\\\\]\\.\=\^*Q\0u\Byè\=\\U\Yz\<B\~\e\{E\'\\"\:\\\BZ\r^gE\"zͻ8\Zy<s\O\=iג|\?\0l}OFנ\&A\\ҧϭ-©,_En_\T! B7e+S\\\`\pspA$6~-\\0\dUۗf^\\P\\\./h,i\\ri0[Q\7V\R݌\\Y=a\S\Y\\KSEM}HOR/!2\\d\I<\<\=\?\D\^\hz<ʨ\r0\)DoKl\\}\0\\\\݋ayƹi\\0yaO6=\r\sh\{}W\,\%A\Oo\J֙+U\:h|W\{?a\df\\\\O\oP\?n^}oʉ\^>EhO\\s`l@qs\\S\q`ng\r\?n\\\\X7@\g\x\	g,\Z\'A=F|\s}c\\ͷ-)TXm\>6(\n\\M\&]׺%\2֕|շlu\1\\S224\	\\Y\cR=W\e\\\\'$^\\\0\q\_\8\\.>!\\\\U\H\K?\[LO\\.%E\'\oo|\w\Y2\\$H	$2@\\0Th \nDcԕ\0M%!\,*C$\\V)\ \r\r 8\rͣUT\\\KE1\\k5zE\X\\\\\A\\i476F\\)\\\\fs~\\B\f\\\{x`K]€\\f\:\8\\רǶ\p.\IE\\rUظ11\!\\\ZJ\%f\\]sFd\\#U52{\tY[p\]͠d\E\]a\\|NGG\1\Пv&{aK\\\Z\\2F4>\K0e;sG\\\mBiyC񈭳0ł([c\M\?.W\g\_:|\';\؀eHEY8TN1\#˛\\|m^$gD\6(\ծF\EP\\U=\?/ۜm^2}z\(\0e\\\~\N\c\AB4\\9Ï6%9܎~^3\8W*\n{ _\c\НVY&\\\b\\Z&s?N\,j\\s\Ѷ;x\\X:ы\x*e=\'Lޝ\\+m\rv}\\?;\C%\\\ۯ\\/\\\\\\\բtgy2O#gEU\Mt:\nܐ<\\6W\AR:\\"\U\\\tRE|L\\ωpc\\\\n@$\'\\teJxIGx2*\'\{_Ծ\1\\\i_w\;L:h\\0)1w;֬	R\\+\B1{$N\\+zmgYaRdҜZ[2\ĭ\\f\0WspD8\TL%}0_\0eJz7ឨ0aP]L>\	С\f\"=\\0&\YF.\D\Ur\0\/Wڍ\?&\T\\~\\\Y\u\0\x\\\^\ޔ~74/+4\\ZT3\\9O\|d~O\\/T\\O\xnW\\\nW~>\\0䙿\8_\\0\\_x\\*L\\*\;RO߹}ۑm\ăn?\}.\w~`F\a=\\\\e\\5\nz\k3^AQ\RGr\/߹狏\\]@\0C5\e\\Uu%\v\\d\s9\+Ccut;\ &me^\\άzh\(\\0qAO~mF%n+OQ\VT1Ô\\=?6@\ȳ\\\\~#\Zb;0#Z\T\0\\˳ewF\\^Jq\V{f@\r\7^\\\\\H\5\nj(_\|\~?55\\0.N;izsn\R\"\"xO\2\0P+\o\\C\5\\0\k(wh?lڏ[e^\\ovGp\&Oϑ\p|Ot\\i.^\\O\'\\lNNӸ?J\r0eUPGI\\W\\\\\\'\vm=|碋\Wc\\?N\0׻m\<\FqoP|zn?y+cǠrFEEv3\3?0q\KwB6֠;\y|\C\Zg\\\\g\NZo\ZUx\5\0>Nn6TˍA8\`\rc\w\\x\k\[ˏhWǐhS#\n\u\y\\\0ê\r\0\\Q>%e%=Oh\Y\޺\ܧBC_iP\\\buR>@6\\t\r3nTޒkX[2Y\Zg4zx/\ϮaI-v\/$\3\\\i_:\ٿwg\\\\oO)\9x-	\ꏉs${e{I\xÔJ\\\~b|6O,\v\{/\\kc37kG\eI\Z\#g\M$߽\ДÈYy>\%Tc?IE{K\OuӕAǍ\0&?/\-=\_u&{L,O7\|F\0\\	\"]1\G\[\"(,\\0I\D^W\&xPܮRۖ*\w1 \g\=Lh!3\Z\\w^\\D~o\r6d_\r\\\KY#MMt\!Η\0PZ9\%/Z\\|\e\߁@\#\\o>=\\aQd7\yz\ic\\4jO@Z|\7rH\p)\˛2\"݋\0#\-\L\2P^Bz\rg̲{Eq)~\w\W|\0\ЯQ+Vc&\\*HnZ\bK\9\0\\\o\<q\W|AZ&\\\ܙ1\5üa\iVtjF\\\tĚg=?NYo\\%O\HaT\[&H\]\\j\ۃnQ/\0@\'\Be\\]v\Z#\ȊE\M\\ʫn\\\0\x\\\`>\,\U\chN\Z2\09\\]դJ\!{\+S\Gȸ/\"\\U(\+\>.(|G.0Г\L*\\\b?\\@\ʳ{e<^\=t\"scq\\ZUO2\]\\\\W\Zi4`\\\f\J\qW\'bcF\0\+\\ӌ\0,V]N\8qS\\w8\xw|o\9\=\L\XĠw^\\?\\\8P\^~g\'1\hPt\">t{\\r@\dIZ0\oR\\\@UH\\	\s6\0\Z\K)\bX\\Y\\k/\'8mO\2+6~t\C941C^\_a_6Pbо\NKb(d\_&\Iqԃ,\'rsء9`mr+3db\\ǹ0`He\bzP\Dlbhk\\P,5\OL\Z\nX[DX\\0ec#\\Z\J\.\;o\)\\\3Ws>ݦDTBNW\r!%z&\LkJ[^0dE|9\\\qs{g92ALX-\reͅXݽta7Ï\\Is\R }۹̄3t\4c`\ѫ+U\Z\.O\ŽNG\L\\>R{FRˌK\ī*鐱J!oɍG\2\4blL\\?ɿ\El\CT\\y,\7o\X\Ђ\";\0r\	\~Y\[\\n\\:<?i\r.ju2Qro@lVe6\Jס37\oL\Z#\\oeD#\0ګ(:O\\ۿ\q\M4%\\:$TĸPD\\lqeng\\;~S\_:e#s\`:lٹ59]bd\Z^F\F\\r.\0ϔqX~A\0\]U#f\\ŗc)/zƨ?Kn\B\rY=\[͑u\\\m\"\7\fm\\v\6sfC\\f:~Q6/|(1Վ3\p\\}1\:oK\\0\[z#VԼnS\\6p\_;WC\Z\O/2\(}\Z?q8󧷻\\-Uב\W\ֶ^\\Gn\\[d&8YM\\Z3\\\\d\\\WzgL\>\\=uT\֜5LJxŰp?!\\'*\:j\l9\\C(\dlvm|t>㛞?\'VsJ\rGa[\_39\5Z\06I\\\t\\?\y/ɾ\,Uc\^R\\\\r\u\\Vt\^kRk^5Tcq7+/2*5\#߉\,귩\m\7/\}/150ڬ`\z8Y\\Tcƞo7nhT`\ͻ\Y~U\g^7TwVe\	*/.\׈\\0P\z\t1>=T}\3/ȑ\J\R5\\\\ҷ޲s9\Ӑk\\\X\\ՑkG3\!3-\\\0꯵N˛?\/ܜ\\\n?\D_tt\\ّ2k\Z\ªr\~|LlQE5j\\u\s)+V\M<<I\|F<^	\Zn(\\Ǔ2]46(,Q\\\ə\L\\UkZy9\orc+A\Zy\\<&Щeo0zh\{a\M\'zq*S8\\\}\IlG]~2>wb7N\Yi\\ʀ##u\"\\0u\i٬taVJ#\C鯘p:d\\\\\\n\\&-|[\s\\mm\;ޚ\\r̍\?3oC1-ꏡr\/y$v\\_\=\{	`ψ\\,(\?#!\ ϟ\O=\\W\w\\xyX;4y<&\m\\\r\Χ :\\ë\tV]\~z\vkS㤋\ܴRS}\q?OZ˨\SO\\Ԓ~\0\\ZMx\ zy\{\[\\l#\Cԩw\Wa=c\ᾥA>FN\0o~fEo\?gvG\\{ҦZ4<B\\r{܃2v\\5ws6ia\\\ne\^3+7V\4\\"\\~E%W@|ds\\b}\u_Ir<V0QO[\(Ll\\,~\pʄJZy#\<z\/\0\we\'ɃF\En2\\ 9\\\\\؏4o\PK\\0g\m\03\0\\:0\\\\4\\\\\<LXϻ)viU\XO/\xI9\5h/\f\\\\\\f\g\\\\JdeN\0)V\&RW![]|db96\\\^\\\?nze66w+ř}\\yHM\\{3\a\\MmhE\\\$;\0t|ew\\O\Z$\Q𚖴fa=QG\\F\ɰ\I|\a.?1S\u@\~G\\d6\'o^(\I2`^Z)ۗ*\\zF\(\\Z?	bKg]v*\$6g-y|,Oq\%^\/\@p\%	R\Ǜ\y6F\0@DՖǞE1Ȣ\cvyr&\\\\=d[9Ba\0d\d@\ˎ\\bÛ>E,F*\\x\ɱv\*6\"iD/Mx\\@%q}A\\F\\GOS:y8-\\Ⱥ\rA\\T%Ϙhe\bEBϰ6[\7&\\'\w\A}z{g&\\\\c\p\rW\_\37>\6\\\˻_dll<b\q:\\Z\\"\"\S\s\0\1\\,2V?Y\q\\Ժ\\O\\h1\\h$\\\qF47潺\\ϛ wcTČ]:\rjHRT\\Z8N/#ː\3S{\'	Wp\[\\ju\\Ӿ4?S?!1d\\v\};ѴvL\n\v\\/߉n\,<\nC>#\:\!P\jNϣaUuHƘ\T5\r(K1af]j\<\agI^>^;+\2֤\\a\lxldv6:|9\\M׉\<\\"t2\SeYa\^\\nw*2\'\J~ٓ\3	v~2z\\\qy!8\zxմܥ\Ʃ\UM\\'R+\.$K9Tа}*ݑF^\,\\\2 Ɍ\0K\C\dBl\C\4^n\\N:\Z\\6<LM}E\izv\\b46>4\\0:i\\r\0r=$W\GV\iDeɍ\\\\,\؝<mZ/\B$\\\c\\p[e$\\zy8ޙAb5דVRGPn\5ڕȅ,SLyxv\'5ѫ\H]pY}2i^1\L#K\Y[ppݒ\hЈ~?\'݋1\nz͍\ˏi\(ʬ5j\C]\Ɉ`\\\A3N/鐻\ɓ5=;޶4R1:\\\laT\ڰ#\Á\\\r p:z	\V\rmt:~0ry\\J[&\E\ZTҎ\e\x0\\!\Zf:֒\_\|b	\\/1>0>צ箋\&4\\\v\\A\ܱ6{;\9\~\,W\\0 uf||~0Zff\F\\Q\C\n(Qc\%[i;J\\;t\z\E<xo\\rrFӰu:N^*b}\\\ƔX\8\F\t^\kն\0ձ\]4bNj\S61b\i1\t\n\0n2\y8\_\K3wXvU\vDО4?|\,?2eWƠBƊA\#\\\lV\N˗\#b*lf\Z=\OKN6Iּxo:E%g\"6Ų/](\\\޽b+l4o+BnƠC3^%D\z\O\k\~\u#A\#amO2v\0uW\ne\'G>%eF(M\?\n՟\\\k\$5/\|86W#.U:ncw7\#lnVV{)d\\0zkqu/*j\WA\\\g@hOem\cM\Y\v\Uc\#6~\UC\r|.唃G\*9\0;SV2(,j\\\r=[F=Y\j2\\*K4\nP\:fL||ڗ*JH\\\9.`BS@kպjX\NҌ\0O$\\A&#	\\1\\6ܴ:P7z\j\σVƎ_KCʬ7d\F7)9rH[\\KfL`i\ֶ(\\\nƭ\VQ\D\V\C/\MWTA9\@mGd&\#\\.Gw\#;ĨF\CZ=\\\\˓S\W?/\ˊ.VΆ3&<9V\+_\\"\].<1o1\nx\0%);-3x<,\vԑ3`P(dQ{{T9ߏ\\\0eco-̹?s{b+d\G}W\p.\ҙ赪\g\x6^9VM\.mĕ\]J3O.\\DÎ\\{i9p{]\*KtnWK\N_o\A\Gvǹ::r\Q1\ܰ\\\(X-9\\\\τb\\Z7\[~5\\W\\iw]wi:?s\;\ZEzv\\\ÔZ:x\\\Y\*+\\~\Ð.FO\\qW\u\\\{_*\r2>\շtX!Ϗ+dyA\8g\y\gp:l)7\A9L\\nP[\\\"\O\O>r1V\.\)~\0ﮧnD\Z\3~L*ͦv\\\n\\d\"\\n3\0\\0]Jf8\E\\rZ\\\\lc޶,07W}\"|y黩\p˓\Xt\(}>\/(\`\~\c3>\\UDPz\Z37#\2»\\/qNV\,Ej=\\|\\ruG\,\01ebQ=ڪ<V\reI\\8\SjUr4\n\\^\{WqG9A?Ԏ\\8\\0s.d\0V\YX=&D%\\\UVe\\T\N\'\\9$EK8xso\\t\*Uzg\\>^$LƎҤ7#X\\wn\"c|{*P_$|M\\\V\\\ێ\FҧK&rq\ˏ \\tY}qr3ۇMt\"fi\4\NMM\\56\'RwA\W[\6 ϟ\0rQ3xj\'=.<T\bX>&w\C!c*\\ʉ\vק\i6F\\0a\N\GF\\PTs\wA\v\\fE;n˃\q\\ԍ\$r\\\X\>L5֟9\*dA\0\Iyx}ُo$e|mЃ\2\\{xŐ1\00\L.LKgRoM)\㫩ɄhQ_\\?\p/\0,\W\F\'c\\0v=&`2aƁg\\\c\1lY`>R\n&=텅k\hoM7Υ98\\\(@\0P&nHW\\\0H\:^\{푆F]e!A\`K	e*,\79	\n[j~6aIT]\0%\\$G E\r}\'*8\P~a\\93!\E3ۯߩ\چ|j1\\"\(:UT\p\\}&L\힊[{-:7[{w;wx͸=\Ge\"X\_\9\\s`\\yscE򚓓\)xa.G\4\\'e^V\\#&fU&,<f-U\\lc\L_띠^\\eY=Ïbm\k@\\}7\//|Nx\\XK&$BG\̕\\\k\\\pP\\\͋\qKG$E*\MAE[q9p+r57$xsF\\d,EOif/ΌonPKwpxJ2g97A\&\\8ƕ\"ǌ2#*\t\'Q>\\0J3PܜJ\\$<\\ꝅ\`w3Z\h\j\r:Lrp2b28\\\3lN\\n$\yRq2jj\\\Z\r1C6F\\GX\B\D\0T5QC	vl6Iga`^A.#ި\X|\n6<A\\\_\n\\2k|VҬ|_vRyT_*\\\\<<̫Bԃ\X2cŇ.$ԒT\\nai\\z\̼qpU$N\/\3\f\C\||m@Q\lc=R\\\\\\f\'#\'7\Ƀ}1\c\Z\ԴMG\g\rQ\\Z\v(0|kY\[\JJ1\uJq\\\Zu1`v\@U4p\k |mv\\fk\Z\rq\SvGχ\gƁB[QК\P oS\0\\\^n\>c8\wf1\\_!g\d\\^!\ fFM\\\\}\0\ra\/\'Ӎ\\+V-\\\O\rd\\𓃹yd\\\\\\~/qկ\'d\7u\XD2C\A6\\9:.\tf)e\ն;k)V\\wm\xT67\\\XdĐz\N\u@uPZ\Z#\Wȭlw(\n^f\3\Z2eɖ\!Fֽ\r/lc.uQ\ަuLِͪ0\\k0qzN\ϔޗIm\\پ\ehXYJR\Oc(}\0 4\յ+\\\\\\/w?\/O\7\s\V\\[V\W2;(\#B\@>=D\aËP\\\̀\'k\g\qdLd\Z=X_Z՟I7z%ۡ\ωdw\rZ\{.g8cb\`=5P\\r,\\GQЉRM\a\'R\0F\C\էϧy`GTMY\\'\\'.B\0A\zA\\e|!ͨ\\\m\'gDmUny~Dl#\\`	{K(ު\e5jHHS\6zgExXF\\\z\\\\\\Nf8}<Gp?Skbw c]Q3/T\>\E\\el\Y\&\\\w\r\'4&.R\\V\sjt\r\\\\Xc.\6\0\ǯI2g\A\*\\׬\vAI7d\d>zmh/Cn^z\2.\$w\Z\\AjE(s} \d\T\ν(Qjfx\t{\0\ퟶP)qQl\r\\<\.bâ\0\7{ǻa\\i\\#V/}+3Z\\\iVn\rqO\m\٢@\\08\Gstm\Ȭ1)q\X6\ΥA}@QEl͵&kV!\\\ޭ\\emwz\Q2mv\\}:\\kf(\\*\CNԶrq\QXR\Vd\'\\;9tqHo\\GV\L\oj[w3SWa-;\}\':Y\\'\t*d;Mi\^3w\q{~M9<`N&=Y|4\nL(YjW\\>o-,\\^\Mw\\Q\\Uۊ\-\FB\hi\W\rإK+c\\"w6\!q)|nY#\$Ǘ\̣!kљ{\n\ႯӮ7\\Tԯq&FF\\A\\zQ\aQ\o\3=|Ĉ=\1d|;\?r\\-Q\\s?\[İnC\%\<w\=\pG;\V\,u\)\\竟\T\\_}\)V}$+SNf<A_\\ãk9G#*c2?A\\\C11R\ݺ\Z\^\35w:\B6}<38`$~\>g+RLS[\ΈYSq^ʛK7F\`>\\K\+t\tei[\"dd\\6O\u\h#\\YHQ4d˦\aZQ7$Q@?4&JĤS\_|Y\&4.tw(>>>\}\lv\0kI\\\V}CE*΢\!\0+\"\K0/\G\2\r!&\\\aB\ͩ\jڐZ)\@xF^N\\5\\\у)9\rɏt\\\g\\0\h!1[\Hv#=eP	\P9@|	n,8\?g#\-A\\{t褊V][\ǻ ,](\I \!(&\4u6Ҽ\ǌ`fZ\]q\R\Y)\\F\(8\BS.LY%DՋ\ʡ?νi4/\2f-@ӉkqH\\RkC;>p	lHO\\\&`犋Z\N\\Rzi_tx;Cbι}Ff\\)\0zK/g_Q\2C\\p9˰\VF q\{uzH\-c2\jh\\s q\l{zG~1\'F\\œkVj|~;t\29lF<Q?\\/\0^_p\:\,\"Go\f\\eܙ3\ZږC+\2ٝ\[CնrO\a\;W\\=~S\"^e\\\$7C\\\=\Jl~\0v~r~\\ɟ\KfQ`1;h\nt3Iɇ\ZSf&M	N|-f~\\*\!uƵޏy:0W\rb&ŕj\:	\\\\1\mGץ?J\U\g	\\0P\7Ԑ\\'\?\\n\d=\Z?\RHc{B\099Qk\#\ZQ1vq\"|,4|[\}H\\0/\N,qeE6\	<	Y_7\0\\r&~ąe\\\n!)\\t^\mt2Obd\rcs\󦬋Y\\\\c\mdV:\\w\w\՚\fNoq0VahU\鹻	TܜK\ڕ监U6Һ\9\r\y?\\n\+z\\\UcOI:\\\i\㡛3ۏqxaR>7![e\eC/9q\Lk\H`_a~Q\\\\8\n[v\:kK\Mm\\v}1\X\\\\\`+*H\\\l\\š*\\ga_%o\\\\!mڌe4G\m8c͉by\zlFj\\K~\0>K\e\TŊͰ\n\\y\3\\', \\N5\n\)\=%lg\\.\\Xq9[\Z\Rl:q\'2\\-\NJ\P*	5\\[v\\aW&<`^R\Ō0J_L\;Nrɯ\oO\Tt\#.?ƣ%\/Cf\*O\ٛ\\\kF\_Oʹ_U\0H\QTX(V\^hfsbA\YM_\=\\ZU/\\Wy\$\ZZ>Y\n\Oøw:~^\(ll\fҔ_\lz-\ry6\_3zv\]\V\rO\\rEnY4lȹ!Κ3KS\ۆ\+$ӓk/\M|\"\FM\T,h\䙇7>ÌE*gș$/*siqZ!\3_\ȡT\Q#Mnf,r\\Gk6l\10\Z\*-n-@L\Zy5\]$q9\d,4Vǧ\fOpxc{X1S\nM2-v__\q\\\b\Zy1f\Jd\K\Yg&O\&*lljv:1\'\f\s?/\m\|\g/0\(ioӗ\ü\~\Zd\\(\eA\_QV\Y=z\\xrv17z\&\\\\u2\dֈ\>>f&^6\o3\rtexKl($\u=G&:\r+okQj\Wg\v\e\\D\2bq\+\PQ`\\·\\\1^>\\ŉ5\f\*4f|>K\rv\077@.\8\\r\\\5xOP=>s`\_;j\n\q1};\F\+1WQ7R*Gj>Of\įbF$8+\\(	?	P\x\\\\\\r\\\-AG\LƲ*\A\t(\~3ܳ,(Qu\'\?v3_Sf^(S,iEY\l\\-]\\L\a`ř\\>BS\\@5	>M\]~l\Z>|\bX@\\0\8\\0g?\E{a\kʱe\僠*\l\[\q\1X,~S}+\S?\Nἤi\\f\Z\C\\I:+.l( \Ɣm\C\\'+(\(]\\M\Z\\k\3d\rTd\'\HǠ^\\\\ny\0q\\L2\\\nW@(u#2錐\kof\-P$\G\\\B=7%i8-\[\O`:@\h\?l\\\\nz\&Q43\\%L_d\{,\0\>	s ǋ8ބ\U\Dk{Og\\fi|\2>\u\fg\\m\C/0㡏kMl0:|%\\\w6\z)_/\p1.OtM\gltbKY\\\6\ǣsܜ!o c;Hn&L{\\\z0?8q 5)5\\vL\ɋ\ܷ\0@m<<du&\MFJn\h̜|̙\	Jh>\^N	f8r:\C\"\W\\/\\'\ȍ\z\0<k[\_\Ş?:X\S^^O\ULhċ+}59\^\0fƹLN7\dj\i\\\\07\;+\\y\_%o\p	\Q#ƦL\\S\0\\\\e@O\I\\\Aޔjm9\\9_ܾ\'9\\\`A\y\\'׬\"]\Z\\~JʨDkd\ͽ+?SyzhĹͪfߠl2P\"P¿[\eʡ\\X\\u\\p~\,\YÄQ\\]q\L\KlJή\)\+{\#u\5Nv^[&O\abP\t8\q&\f\0Z79m}V]˥J\\nJż\_\\c\m\PU\\+2N~b\0q\h~\M$uZ\.礣BBl?=_:\PMݹ\1w\ \\r\F\c%l_gBMN\Ŋc;\(k}.)͙[s\\.nod\\\\ޥ\ϡ/7a}~^\0\ݼmt\r[\"(\}\n\ѓ.\\\'ޒ\(4\\G\W\8\\y\ն\^\=\\Q\\\\թ׭фf\\Y%hX=.p\gW\\\T6H\00\q>\w\0\#=ֽt\*dvH9}\\\+cɕ\rX(%Ew\6,G\\\]\\8oVOo7`M}\\\\qLx:Bp99	)9\\0I\\3\\'w`~]\+zz\"9,>cb\]\n\\\##q\0XpN\ZP\,ɗ\PO4(}\z\\y}ǒP[X\>\b6/s\\"lo&55~l\S\1\%AgOO\'R2OO9+\ܜ^qWZn\;H}\i=,~Y\$[B\Ob=(\1\J\~FN>!˩;t\'.\\,\\,,\l\V,Lc6G\)?4Ӕ>\ܢ2q\rY_P\\Ro\[~E\NJ\˔R\NΝ\C\"\\\a5y\N\\{vlr\3\\Z\"?K1\06IO@׿\?f\\+3M\nzoӶ#p#\\x|q\\\'p\\ʰpr\\8z\\}{u6c\FE|\PP\\nQK~\0\T\ZqM\\Z\@$\@|%X8\e1zK\cݵ\f2k\\ry\\Q\\=c\~\\\'\A\\)L(\X9\\07}%rN26L$\5\Lx\ِ~6:2A\"ɻ\32=!\\%\t(0	ڞ%^\"{g\QP{\7{nFQ\\nc\(V\#F!wb| rn\Ʊ\Q&T\\\\\8b\V;_3w2c/fϐ\0e\zj\w]\G\]\\8G!Yˇ1=(\__5?\8/Vrc\hUt6<f<߷9 6O\bȫ[\Wչo2G\AI|QE\m\s9\0L@|\7-\\\֌a<\0lQ^6͋J\[o\Q\,tݐ1\Z&&@?\JˎV\'\͏4Ws-]DI:fN(?\\\\\c]5&Rk\Uʽѷс\8\\2aÌ^^\fQ}\\dl$\n>1MUۻ\|}&\Cr\K&<~\9B\\\\E\|~o`e\?[\WBZi+ힸ8\"\2Е-҈\L\{\0YpX6\E*ѽq΂\Z]sЏu\ꙸ8_(B<7\p/:\$i]x\0qcN+;b\\zW}i\\Z\F>Nf\\r,@wEMc\FM<g-\n\p\ZhyO\\e\0K\\\\\8\&Kr4\\N\i\VyS\\:\b\0xJAȖT\0H$\qR\'\"]ƺYg\͈ܓ_f=\"\\ŭD\lU\jwG\\\Uu\Z\/+L\\?dE\\V\v(#_\5oCVײՒ<dL\"\@cO)\*.DMON5\'e\Z.=F\;3uT}^ ş\"\\WDθe\!\BSa\"8W3\v_%m?\6~N,/.L\\\\u\U\tPuQAI.\\\\\k)]\~$cs\Y~2:~1\E\\r}$]z~2\\J\\w\Xm=\m#Hp֬\0|(\G\\.c7-]G\OM\Z!w#N3d<sz>eݯ\*t+\\iW4:	\\0+k\Z|\?\{q\\.ҽ\\Z\_?~\v\ݻ\\Kn\|I\N,J}(\ok\x\f\gov|\/\^AH\Z\\O.,\CH{\8\\ZqX/\\SI\\Â\0\7qHf]G\\A#&hYԶ5>f\@\\nTN.d\\aD\\n[\Z\2d\5D\}:U\gjj\Ք뤗S5h7xE,B\i4lwk:g@HdCS\0G\ZR\	8qUfmK\<\R\n\:R;+\__tr\\\\Ͱ!HƶN\cfN76Ju@W,@\SytK\B.\\\[j~^eÉvc\ZG\My	[l\+0~>6\rP`-WN\\x@ \7\\v\n\i\؟t03$G\0W\~:\N\'?	ebšJ xC51$H}G\u\G>_\\\Oq\'!\\1\e\S\\`\:\\lE6 \0\f\\8<\e4U|g.lݝ8Q&=2ծKo\?cn{>6{w}\.\\0eTF\\\!\\'\=?\{l\\{_T\Rh\8[np0\,v|ʘqK\\Xj\\dn\\\"\*)mZۦ\p\`L\3j\&$	_\\\\\\a\\r[\'\2PrS\~F\\Z|\U3_g^\8V$\U^:[VQYX~=M8r(\=1L.\\=x\)/qa8K\0\\\\>nOn\F\q\0cS鶧]9kW\`\+\\(\\\]S}\\:j\\\t\{?t2\\\\)ښ(\j&\\l\\pf\\F֣+\/켒T7ze:\0\[}\\=ϋcWwb\\;?IO\\j^\㺵3\N#dm]r6̘7\\|l92>6a\fmI\z\߽\6Lm+\4\0oq\u!E&ѷ\?\]\\n*t3\\'/qВ\w]v7	o\1W\Ϻi9p{3~=K%&j~F\",YO\	U괺nO k\'c\"SSa\\[\mY\Ҧn?;\9\\\=z<5qaF̓$`t=%\Z\>\y\\'nlvR@2\|\0\	\om\a\/\\\> \_bfB\\F\\Wu\k\\:;\b~Mw$Hk\U\\'\\Wrr`~atɋg=Ѱ\#+2UvL\I\0ZY9h\/#\"/\n\+<\n7e$\\\,%-͎\'1\\\\(\nGޟ\\_\2=\\\b8/\\O\ɟdOX\v@\\	cӽ\ǟ5{\\.ʙ\q\\\4?)>\|~\<Q\\{wb\\\>߈\0ez\\'/S\\I9\\w;sl{\wZ\Z|9|>\﹋\W\\-\0k*\\w\\i\u~??m<{2\\|{\2yhwHs]\b1Nw7H.F\"Ȟ鄫\w]{\=c\\0\\{@\\V\\Jct\Z6㓛n:oN<u\w	\1w\\O\kp\7w~\\d|628*Y˂\\\\\v\<dv\r\N-\Pz^g͓*\\|T\$\'M\b{\2r]\1\Ǵ]t\\~G\\\e\\F1\~nN{q\nagؠ\HS\rknP1\Q\o\\0w\\q\f,η\Q\OBle\|Ċ\\'MV\vS\0C	Le\B\d믄U$[\0	#P@>3ＴVύ5PHߵE+h\ KM\qns@\\h\77ugk\y\\:u\'7\\\\\\&\6F\q \r+(&\Tv\0 %6)N\iT>rJ\XbT\,v&Yʹ\衆M7_i>՛(\N\\^\'A/l\&L!\\\XxL.\̓&\'cs\ia\n\kmu<\ǁ\4\W2s\\ye\'\9J델rvk\ \r4^\\:9M/о>R\xjU_ñ\\o\:9x\.<l\rJ\XS#}0\>s`ƫ\TØn`\\07\\ZJ6L\kEԇ\\פ\u\\i\\~i,s98\\Dr\0{\YAŖ\q\h\u1\\ln\\9<}YY\=܀\0NRum~rLpp1\?&0Z\YW\:g2.Ea\d!\rn&\\#GB\\5p\\j\>_\oŉ\rF\@)\\4M!\\\\(\\racJ\xq\0F8r/\c\hgv-\\\'(Ȋ݈-\\"\\\O\\\bR+)D\r\Oo\G\ٔ\qr\X\[\p X\!aA[\}\(|G2eW+%\{έG\+<l/\b\0D>\m\Z1#˧J:ryr.63\\>\p`z/S5\.F\\;\:.\[!`_\X}L*\\r\]6L~\"df̮\f\e \)\:Y}\\S$:\NF\W.\Ȩ[b\U\t>J\\|nF<y%T\\t[E\ߋ\Z6£ \r[jZxÈq3{ܭT&\u\0I)k?\KrXq݈הl|\N\\<e5pF8\kg3\\\E}eT6\0+\Cr\(X\ħ)\Z\\\M\5\>\Um\Y\U\\W\'2\T2\\D\\S\"\+QgSШݪ)g\\\\ƪ\0Kƪw\\\]d\\\rNl<\(\.:%n5&?\1>\\/6\/*J\v\g;2z\˗\\%5>jR\q&L\W+\kG\z\[MGL\ka\\ձ>6Ǹ\֬l.\j\\ϋ\\#kn\\q\\췬\F&\zy.ѩ_ً-1mB\\Wmɗ\b-\Q~e.\\\\;\i;7x+wy%zE\'q\nd\b8Ѐq.P	`2\\\'#	\\l0+g{U_-\O\_\VfC1\0Q}*h:&yEN\0\v9]?Qӯ\kzk`\L#\@\\ȉȰh11?><:\k/1\ZWڜ\%\%\Zw5\\|/\|\\r\^lOՇ\\\2>\̤t\\\\$re\v]\,BWp\A\OqΜ[\\AR4\Z	\&\ً\U\Z\\\<A\|v\!g7=.\M\fj\6%Wr`\r\\k(\Q\1ј\.=N\=\\b\"L\\3ɍƴG{\\)*lNu3u/\\[q6O\@\Z\F\\(\\[b*C\\W\f}#\jc},4\Mʎ/G\\0\09\\~>V8uօ~q\\\[(\?%\Y\=7bƾ?O\&Or\r\"u\aُ\I\Q `SO\==<V_nF \\®T\0N#\dse\\+wu\ޣeULޟ)B?\+?mb\}\v}\VQi\\	m<\_\glmACQ\\\n\\<\006E\k\jCq\)ylS\+dYNNL\q*\n0\=C!B\Hۓ&M\wj׭\\qϵ\.ڃ\Nm7\\I\'wQ;7\\0\0}h\m\6EıQ\SهR\&M\Z0tflv\o\\\lc\\7]p\D\A׭@]ѰE\0\΋C\rd\B麍2*1.\}\Wv\7\g\Μo=]cxKɑ\\jc\\\[\\0nq\n+[:\p\n?\Yv\(xM>\\<_\ˑ\\\2\!My\w\\\\\cʭ6E*\&Л\\\\0\zߊEet\\Upd\n\n,x\\lQ|9|FAx]!c\uGE\/\˛\p3d]yUM\\\6\\ncrd\lmYC,%\GFS\\L^\.Cٌ\.\ВZq\ܹ܌NĐ|\0\\\\\\lVv/eRecq\\Lϐ؞FL^\ҏ\)Ź򪨲\ZdNFLt\9B#\78q6Fl,\\{KmԄ~3\\Npo\Hk19\\4lD~\'5dn_\/\\\֠\n \r\NV<%l5{?)\\ykއ\FE=\\><\<۶\\(\"1?O+&< \\0z\?.\\~\\\\\iۏBo\[Yj&\U/ڳ\g׿SCwBeG\*\G㨚9<l\'7\YҨnNfe˲\0w\\\ɽ\:|dc7EPH:]>\ޛ*\I2\\!\\yN\5z\\\\\q5\SAV4E\U=\˞}F:86dxzy4>k\GrP/\"k\V\V<o\pF\ުH\'\\\\rV\ë+\n>M\\\\\FgF*.L6L\0jCg\M\5k2(\5y\r#`@|dbX)n\x\\LǙg\Y@`\Ȗ9Px|E_̠\i#*\"HTǠ\|Q/\9lE\r^\khr1\Tt\rƒ`d\n{\I\2l\\".Vk@	\١	!\ZJ\ҢHhj>.o/Y \Z\S鰫\0U7\<#%\?}\\\\G\j,ۻ5~\I\R\\\h/\5\1BG\6țvm\\\\r܂\0@8\s+8\[|\s\\\\ \\\	kOqɌ\r\~\Z\\=\\UV~@Ծ,ꁔƪӎo§>o*ֵED{s\\bcl7l+~Alh&GU\qeތJ0\\=LA\U~\"\{VNw#CCtKw%\lY[m(vqX*U :5\0o\rUv#7?4@g\\o?\N%=\\nY,_L_\\L\'ˏ/.T#E/dX+۽\2\\\F^0\*b\\\>}\FElxԂi\\T\\{\'!T:&,i\\\\0jPFTؠ\\\`\{^>\0iˮl17\	_\\,w3\I$\p99\\l`\kmVY7Y\.nW#-\\\d3^ҽt=OA\3&L-.34Eu\\\\Sj:r1|0\᥉\m!loͯaڪ@\lX\ZЙ.\\~^e˝[eRYM4\\;<sN7͵ZuC\~Pah\033t#\0\j\>.#Ғ5H\1z&٬|\G\?7S\*퓣#\Zf\\\\e`\\U͌`\\Z]:\\3&*Q]%7{~Jh\G\\\O\Z\\}z\\ߢ\^\\nGf\\lѹ\"]7M\W\\\NA>2[λ\\f=J\:\􎳃o\X\Õ\zwc\n\PP:8q\\\|80^Dk\\dCJe\nț\\\7&\\\\cv3*Vlv6Yn:^> %\S\*Q[\0:d\Z7ϋ&g\1J|ᜀz\uY?\.If8)q\vhnq\n\\Y\Nv3\8\\"ק\lMv5mۗcޟ=ۙvC\dPgMZ\V2.F,\kQ \?\Z\(\kgߟ\́0p.nO0\3-\>>\ㅉX\nW\Y\n\|\f0ajAMjBq.\5fv.\2n[\\0\\\DRwr{7>\g\0\ce\\_\Q\RF\Zo\{a\c[+ҨAJ^0%#7(>\\1[͓\\\s5|<.Tr\T}=\BcR\E:o\!\\\rM\h:MH\{Yt+F\\%L\I\'&T\\hF8z4\\'DLx\"ѱ~dm\k\"RTU\0\xc\Q\M;\\0S\"m[J2\\#.\\n\Z\*T\nRM\"\9q+\\M[31Cw\O\'cy\\dB,0G\\]c\B-v>72\de\\r\M\`l\ZRt\nnkF/6nFL\Q@\\Gf陘=T|@\la\;\\ŰnQ~f$>ƱZC\9$gŞvwbY!I\\\\/\\Z\RYurފ\.uftw\E\\\\0u\\r喫jC \߄ x1Q}d1m@IB9 \0\0lV\09PfWU\H[v\\|L\\\\\ڜ\#lFt^{X\m6\_\\u\q;^m\ImEy]bU\j\.-(œc,\ܕ\`\嘸3\Y,m\ÌJ\\.{\0\\\#,m!\\O}69\\|PF5\Sz\kS\|\0\\8\\\=\Mf\\7Z.\\\\\ά\\,nfs\\?)\&u\\\`\3\\	\\\j溥1\3/\S\\wfߎ9&B\\r?Y\[)C\V\|\Z\8q\\0	\]\\O\m\8s\A\f\`m;\t\zΟ+3g\\\'<$&&;Öf-}Z>Sqء5?S\"\t8\t>\s6,|[ٶ\oS[}BH\\p\\z\\\\\\\\˃7g\\mDb\#Zn~\s9&ă2\\Kd\2\N|MuN\N1\p\J\WDFɐ(\):ߏ\͗\r\\6\\\T\XI\0m\0\d\bQ0\0\2\zmMi\;\mK^~o\{\/2O\|96\\\(]~ǑE\0m	\Ֆr\'39V\3\RN\\\\\`MVfp\ꢾ ؉\x_IVSG0\Z\sK/8	2e\Y+ʥE?)-,UKZUv~l1?\P5#YW5\q-*Y\0U1=x,ݺ{!Eq醉Ќ\:}n^&Z᮵\Bx1A,z\\.=`Bۮvne΋F6X\\z\\\/\^81rǘ\͓N<\DWk\Cn2t|L+\\I\=Ë\\\\K\\\\rV؍g\\\wS6l\lΤ\mU\\/\Ha\?JCOV\Y!|\n\Zg\\WjTt(\0ꆺj*#j\r\0N\1\Z(HEɭ֠]\+l\|?V\V4 h<|da\'\\Ǭ\rR5=$\C\\0\Z\&\`\Z\'\Z\,\rz۶m\DFP\r]\M\w&J1\\\0Qx:־\i(o@5X77t\\*nB\ڣ;\PI\[\]ځ\qL\j\0܂Q\0M\VbУ\	\2\#j^ۧS\m\u:\N\"YD_nN\"b\\M\\JoO@\Pϑ\\7WTHQ  \"\#J0o\\tb\0*G۵A\\ruecpZ@@\\0\r\rLø\GNAd\Z6u:\}\kv\![֬Aެx\\rn\\\0\'q\Z0pq(Ǐ)dRM\\f\b\0\\\\\nvač6\\n\;nfWǴ\{o/0e	K\\\X8ޛ1$`;\0(\&\\kTց\;VP\×2*\\"nܥ~ \:\&#N\\A \<\\\1=\\5,O$\uP܋4ܥ;/\Y<A@a\\\\Z۰ȫёBg-\DwL\u\\r\TE{Yop-ǿS/\j\0U\J%#.R\rCá\\rhV\\4n\t\"[㸭zєԱeH4G\LnN\\B\\ڬ)6lv\\Vm}e\\\Z^$\Q\";b\cR72Yu\\\\X\nd,M\\li\n\\r\ď~\"Iv:\ y(aӰ\\v]ˋr$JA;k\H$/Ccɑ]q+\r7\\v|>\3k\`h%k\H\\ː\\\Jc3w2O\H[\Z\n\\\>P*\\\\ưHӨ!Y0\\j\0\J\u$jHRt\\X2`c\1\E\\v90:50\\\ʷ\\Gx%ﶢVB#Ff:=I>b\\U~:ȟI&ăCD\,Vuiw\=\?%\\t4:w=di\B4\e\\\ځb2qw\\fu!Fz^\\\vԁb/H!q\\Jz9\F  ITRqVw\@0\\\\vF\I3\"3\ZQf\\8\\H\i\b\0\ލ	s\"\\\ZU\0Ҭ;\9x\rI#\#.0 U\'\ot@O \f\\;c-|f@Oy\ZIgMJcR\0\SZM^nk|,92\ʅ́s\.W\>\C\\OӍ]\O\\\|CxYq\ʹJld\}\r+r%x\\\c\"\~VV\줌E\àv7_w\.lË\\T\\`\\B\\\3cˏ.|\\rI\\șȫ{nO1.^q\\c\66\!⾶zS\\\\Z\_\Z;g\; <gǕՋ\rOz\cǓ&~L\\V82min#|^wq|̸\")eP#A\|<u\ٸ\NO~5p&2iWk\9\%<\d\!\\ME\߶\):&\\l\\\\s9\G`c4W%\\5\0+\r\\\\\GNwY\m\\MHQ_?Qu^\m3\r#\'2dʄSQ\zn;u\&\\\͗ܲ.\\\"5>\0\\Q9ݔx[j6\0\zv\ˉ9r9G:a㣐}OSE_\	E\|шw	\\\\\d\fULY\O\\y\\>eό{=0rm\XGzF?i\rm2TR1{~\n\6\\|a\\n\\\˯\\L\f>/\r!g\*\\:i\|\|N&cə.ļj?(}\/\\m%kuYT\Lӛ/n6\ZG\\\B\x\L\`C	w\\r2\;\\T\R4\ّ\Uf\\\\J\	ÌXnv\H\0	&R,(\Z*\'9E;[Й\\\)iOC7*q[E\ j\Q\[\\ܿ.UJ5T\Z&\r\\C\\k\Z\&*նY\FL|3!A\\\\3\2s8\2\\Hpw!\Ԡ\oFEٌxJ~]\\\`\\tX\^\\NwÔj\\\DPR\lUYeyQ\\\\\q\N6Q\aUEB>~>\0mW\\K6\\6g $5mЖ_Z\pP\Ui\r\'\\DLGB\I\j:\ؚ6j@[mS[G]O\E$P|\h)\nۈ~?I\r]`N\\؊\0p_\0zHPl5\3}.\jJH\Zq\b\Z6T]5\\0f\\^#`\H#\ˋ5\r%lڢ]#\>!%;=tahV5Y\E\S\q\V]īhz\jX0!Ъ~\\'\qU)m47]I[\/N# |v\\\lF  I[7zT|;)=~ q\~\kpYmGC\WL\\\O	\0\O[[MzIvoJ\\\\\5\'\\L,w\05 |\0$ZWG\Z@\\\K\;]ŭ+u\C%O\Y$\\^\0CH\sq\1bê\\i\{/-C\\]H;\6\Tp`6\õG<\0?\\TGT\I,R\\0w\k\nnm\\ ^zBYtA\\<\"X^\\ͧk\%1]Ŷ\\YcS>\Dj]\0+\ʪN \0\KDq@\!\C\3;K5glT1\4\Z\\̠w\\J\H%־w\ß>UIQ\͒%͸w̶T\Ƌ\Lp_bf\odm\0|7W\	8\\j֨Ta:>qPbD=^Z+b[6H7\<c\\2$2>\'ˏ\#k5\\Iz+Sk\O\&4gR\R\\nݯ\Y\\\\ejB\"e\\\$\EA\\&l\f%\8\2L\qsbP\\0hE7\i\\\\\\\\r4?##&L\ԎҦFa8\EyX\'Y+\Q\iZHe4V=d,\\q\j|\Q\05\\\^52\r#kTE\0)Į=P@?\2LLwN\\\f\\Zi=~l\$	E\r?\\͂\W\\r9\\κ\\,\\\b.ICR#\r\f	b+c\Mظj:\;\]u	\z*.\\n\0~\\\ZG\If\Z.1\Ѝ͘vd\\\\\W#Sz-w\zC\ISpa\b(-o\fu` UKiU\X:1A\\\wf\N\\'Tf\\6RB]\\\'v\\z\'V\0w\0B[Lgp>	\v?mθoI2bR\X);u\1	&mڛ3qp8\u\\\\2r#);1\'MI\\\0X\f<Cb1?/\q~\=s\8w,唰Fk\BsVr\X<a\c\ؘ[ԧ\_(\.w\1\Co\GwBk˹,98AU*\Z\r>۳F<\D6\:x|\lj\#=\\ş\\۝H\Q\\\˗Nnr B̎rm3v%\lc\I\ުz\A\k\\\f\\3F\a~\5/DEkdNKqq!#\2RN³: ᗓ\FG\\ǋ\\rl]I<&\a\l^/ 0/\]\0_\u\,opo\\\\0\!\0U3\@\\sr\\\\ɍx\#0|Se_23\Z2\?0c|y/\\wŕr|˽S\M\{?b\'6&\S\\\u\/Y}.p`ɗvj2cΟׯ\Ad\x88ؔ\\\=ڠȠ\0\\Ϥ\SD|̘8\\|Xr\\s\'d\k])*y^Gr\+Fd]Oü\-=IzJ\C\Z3).xY@Ue6Vd\rRxR\\\V|lDE\rD\\\)]K/oG\R?-ؚ0f\\\0O&Π\ƚɕx\1ƾ\\\\|.lre\md5\\<\Is\0Q\[u\\G\\\\qpʁX\\\֮s}ٸˋF8\efG\@f6n\"{rg\\\\Ƌ&3[*d\()VE\sw\JV!AӤ\\\\08\\\1eizYc\^\\\@Q{z\0\4p\L9u$YP\\\\\-E\#PShӴ8\\0QUs\\V\`t\\(\Z¥G#{B\*\c5wZ\Y$\7RX\0P]12\xs)\G~\T֞\Z\2\\*\χ\$\'\O\\0rGA\\0WJ6z\!.9VadNh\rWiVS*sxw\y#d\\)UkOݢ\{6C/rt%0m\\\\K)\SG&gW\od\V<\\uʾl@/O	\wg0\ZD\\\{\͇\J\\@\\2{C8\\\\s+\8&\0&\N\GMDºItn?HWHF\@:+}$4,j\\\\\\9xYG\}Uau6l4f\\ɋ&V\fj\\\繢+\\Hֈ\W_Zվ\'.(̤T\\\0\l\Z1ש\'CTP2z -OM4U\\T!Ȗ$\tdzC\\ + \\'u&2\b\|6\\\P=C\u#g\Z\0\L&?\\0ƣ$@U\'2\\e\'wD8OGXt$d`\0U\\Z\nۗВ(~Sh\(c\E/\Ƶ\r\Z[\\{MvE\؆]\4`^k\0T\Q\dJ`1\	W^5,C,\\9r(?V\)ˌ\fDWO\\-\(j\Vϑ{Bul	b;\\\t\"\0\)\'A\\\r)\Q,d$;iåG\2\>ea@g\\ZT@7\؋\nG\#cPt\3_Z\+en\\\\\rbg*z8+\]%\CY\\t~zW\\%;\M%v~\A\M\\&\\Ս=F \jbzw\0)EA=\>pNϗS\3eӬ\'#\Z$Aiר\0xB؎t\\5\>wY1I}{E\Zv\-\I+ g\Z\@묨/\P\r:Va&)H֌F\\[OQ$r5\\ ïLf̹r\0\417\\\ȫK\~\Jgȷ99}\\\rX.\\܃U U|\C\\r\umjS~#I\K\ۤ\dڴj;w~6@X.NH\sAYWK\޵N佪o\\0\d\\ώ^\\(:L\i[JC\x\\\\\:R\rT\\\\uRH\*o\\\=I6.V%\\'\\;3+zjkɇ\	F}\rW\\Os*\\Z\\0j:\\B\\Z\\\WƘI\}H?;)Ԩ9wC\'wr\G\'#MGMI2d%H\6B;\\9@\n\f9Y:h>\\5 hj׌cB\n#M{l\9\7U\߇\h\\R?\0/rL\\f0\\KDsLq\-_n\\X\a\Cf<w;nU]\}L\[2\D__\S\9qq6B+m4㠚\۹\F?O\\ٷ\0U\D\zvĬt.\<زSoïa}\H90\\\nw\-\\MF6s	-*\2od\&ODɲ\`PSQ\O]~\ŵF\0r篶kr1\\Vb\H־\\\\~F?\0e\0eȔܝꞇ۳\\p~\'\'*)ɼVS\_\9K\\a\\zlO\\T\\)*[|8W\KZNtp`\\\\+t\Zd˵6nt;;B\\\\\\\\\d\0W(A(-\r*\\M\dnN.8	\0e\\r\W̻p璬H\\\@X^\\k\\:X(\Ҍ\\u\闍\\9ń\X\hݣ#/+~\P5\0\n\\{H[\K:{~[\'p\H\Hx\=>s\\qg\oˏ>nNps3\Z=\\p9<u\*hr1\\q޽\\3.n=\b\Q\Ctz\7&҃\\\\?\\[ !\92\y@_,\\79<n?\zߨ\7X^~\\88ϗ`\T\ɀ9~.LBð\pu\>\ܽ[#ն\T\FLCs*]\jzI=4/W39g9̜\\s5`2`J\/@\{V5Ac\\\YbE\\Gl\\\r\"e\˟^t\\;\jL\pgl\Y@Uٗan\\^4<\\n.G8։o?Y\M&-ċ\4\"cXclĖ?\.\>PN*鿈	H,p\\2Y\r\?ع\\ Ĕ\kR\hA\')\\	8^@\b$\t\v\a\\'1cՎp9\\̩~\\6\UGO\.^g\0_O6\\(7.\-נCܽddI˗xʁ\r\H().%ݐh]\mP}\L\\'+۲.f\n\ZGG\(\>z>q\Cca\[\\&/k\S\s\Yg\{Waɑ\0G\݅or~V٥3a\T#]U;X\\\2N\Z\]oH7B\n\\d=^\e9\0\?\\K99}-\\W&C~\ʕ[:Pm\|\\3+ZS\EZ\|<\I*LH?Oy7>WFkl\\\\Q\l\ɰ\m\\!\䒄6A\\\0(*\N\0sO\\v t\!\rΞ^(\t_\z^\'%\Vt|W^K9qt`\\\xd9\r\Nh\=%\\t\Z\C\(DȌ2g2nӠR\|\0`Ǔ\\͛/Օ\/!\$|>S\툐\	[R\0$\Z\Ǉ\oP6\rcr\"n,\\@jHd\^Ҙ2\r-3\'\"0\\\\s\\u\uV\n@\u@K$\ulq\-\\Dvt\\`\\'S\0Eũ9\ruR*wA=~Y\dݗ,O~\$%\"-_(\\\=\V$\E#\r\	Xꭧ}\ cGPw1u=\M?.\nݍHєtߣ\\\Tu;\\\ZXh&¢؄e\(ܬ\\0\'\Dl\6/V&\x`Bt\v\08!nVE\_8:.|@1_+j\P|;#Y\\R:#O\=\7=n\n렊U/͌numZ^\\>\0\\\T\\\ZL\0hN\\\09S0P<\0Ualt\\\\'\GZQG>W1\4}EoR2w\A\LO:TI \\T\6\ilOS(S_aꨏ\-vY_M!hϔV\\\#r׭\(SL\\n\ǄOg~Z\9k\~5OY_\EɌ|\O\\'ȏ \Ƽj\r>;\\r?\"$ޞ;`An4=I)f\r\_H]P0xP\\07\oP4\5u\,	\u{\Z(B\\\"F`n%h ,\hIE[۷C2\MǧZjG\$OI>`.TP5[n}e\"\|~\\\\m\.\Ia~ڀv7ZFa1JI $k\}N\4Б\l\\Z+d\0ƻz\\/\\G`?\G*\\ -j_\-|LhyiP\\\W\0(|\n^\G\\n \Ap\Z)\@\q+1\&2@htY|`&\~\"I,yv\>\\T\e\B\w\\GVqpdݒyY_\0\\M=`,\FsW\"1\\\CP\\!gA[(\\0$V\\Ɍ0p]2Y\rwN<(.v\x\Yy\\\fP	;K J\&\"*\FI\W!tl)ۢ!\KwpZ\cu`lN픅5\'Md|\U\Z\"\n>T\[@\0\Cǵ\0.bq]&($d/ic]5\\\#8\5m\\3F%r}<I{o\\00N!\5b\7k\\7\ɐcڌV\Fyu$+*?Y\\m\\lv n\\L\\G 37Ҥ];Ѝ\ΌO\\ɟu+)Ǯ\r\\&\\땍+P\Zt\\~\pW5+\\r\riSjqļԺ?ש\8h\]OA\xnN\܎w\Usz[1\\J35\wNn\\\\\9X֏cv|\VK1.LVcHtؠ\5..P|}oo㣝y|:g6\tM\9(\ˉ\S*\C\\'Iʼ~\`\5c\\\\\~8Љ\0\قo\X\u\\g\\\Zg\0UFݕKҎk\\΄X*\\.\"S(t\:\.wˣm:MT\i\[8v\`vT/\f\\DȍG\Z%kOky\"ܑo\}.Y\ffw\\ckq\Wi<\\\\\Sr2\\fr-j7%\b\\\\ǄpS.\\\se$!6u@\\\\\"TƾH_\\Dz(\{~4\\s\"\Ǆz\vwSUi-\򗇔e\0ppc\\͌ofB\krEtt9\Y\H۵?\\9	L\0{\AGi~\\u\}\\i\0\pra\\\Ic[\+\ՓZ\\w16\\t\n79e\\\0\\'\˟\Z7d%%s¸R\HK\\\0\\+Mu%n\}\r<7\'\e_/g\Z\\V\o\\p\}n\WqsFN/\r:t\0|i\.VF ڋ~Q\k\+prs\\3d\v\R\nkșiEa\V\\\\\4\\f\\>oE\Au*?\\"{\3l	lʣU`n\*\\o\0\Ⱦ\n\~\'!\nlQ$\N>dICO\\~\9\dsbzG\|o\\=]+n\:>\"u~\\\ǵ\\|\\ܿu\fm@fχ\~\\ F\\\\9dΘ\J\(o\GE#\')6Őn\Z|i\<^\ll1\\\	\5󍗊\l͍p\'/\\\Ү{.\z92uJRO\\WəHۦ\Q_\!\\\\9+o}7\z\8\*[5&\D?{F6\\Wbåk $}\\n\X!\\GB>0mg\\3\)͔?\`ǩӍM\\0):i\\%\\:\;N\ã7\(Ǉ!-n\I\rGPz\2\\9\\<\9dN-	\nv\C_hu\\rrς\0qA\!pd푱\Gi\\0v?\\y\e\d]\YX\,fQ\\4\yg6Aly<ʕXtDZL\r\\rfv۸\nC;\߼6k}\'C\\\F~?(ޚ\\r1;U3jKzd\9\\0֛~:E-TԵr\zt\dFRBUwvռ>Zm9\r]؝\\\\\kET\	B	=<\rC\bϔ\^;c\	#]\b?2\0ԟ\\ѭo_\]_J\I=B$~S\R\0b7U\hY\54ǭ_\B\]\IǌSc\GR:n\/)\ʂ׌o#4R~lw_\D<F\E(\ؗXo0\	{`c5T\+lj,\\0P>\Z\!,Lx.?w\\Ft\0E8XƼ\FA֊ǰ~n3\r\" \PW_1`{\\h^;\x䭂jō\X6݃c\,e\:-M;HWM\F IY\\(MuPS&ܷ\WN\?\\:\0\qE\\\ܚ\v\jhG@4uӮ\F_\!%\rWN\r-]\BVgT:\\\\nzCw FڀU\\,D+\"6\ W\A:uh\ڠ\nPlj\^\B__\Z<`q\0ZLQ#yt 6\I\cmT\\\\Or:\G\?Ok\\n:\Ӽҍ`:4\"c\I\jʺUi\H\0w|6(#Z\p5ފ+\1yWr\\Zk\/C?\,@p\K2\d\>1V4\R\Ua@\Z:g\[\\\eH͏D\'\^\W,<\\\'\kH\5\#礨\sdƚP#\D@Cj*t\4\V\\D\H\\\\\\l\b\X:g\\"\Z[vm3;x\\#78w\07\\]POկO7̶i\'gȡXyC/\. \\_B\\0\neQ]\\@i\*#0.=M\XD\\3\qi\Q_d\\P\\\\\.@\r\"^HqnS6~\ZE<h\F0/T7\R\x\\8:ޕ+ρUr\\\\\+zx>\f\l}\^A\\Gm\\0(\\ߨ\v\rc\_2NT\\\\BEBq\!k\Y\z4b\`ŅW&-⶗\'=Wrk>1M\R?\)5?t\}=Yyn\8Dz\zP\L<|6\k\ƓO+x\2\{	&n}F\\9SK\0TҞ\\ri\\\\\V\̋n\ǌ\0ީ*M\\7/q)`x\~k\\\\fg\\T:\\?b\P\\x\\clgJwz\J~\\b\\r\*>A5\\\\*ږ\z/\8y}ב2\\q&\ڽ62S^\Y\3ꥆ\\\=\gp9ɽ\\0pf\x\\{zi(!\v/H\\\3NQ\y8\\\\%\=<A\nf\s|&.F<˝\V\\"g\\\^FF\\z\\&:6\\Z4j N&,C/rbWAt΋t\#\3.\P\N	\W.\ek;\Y(#̶i_&,R|\O\SyPEB?/_\1cP,RJ\Oy\f\\\e]p\oP¿1=\\\"Qj<oC\ŋ\\\\q8r\0GO6\`jZ\IW!덽\?Z\\\+4+Ф\#\rz\]@p7)0I\g!wc][N\O\w/m\l_\n\\rC7m\O\Ms\\[K`\\\\ɛ\\\WFol\\)}\u0)|s^z=\\'w,h̄*8\\ֻG{+\_lhlU\\\#N:#dpb\p\\\\\8@\e \0I\bp\傔@\MxȐ:\\\TkE\C\D\2j_	qc\|G\\\#\bge}\\^\Mޟ|L\\l_\\\\\\')TW\w]%\'\'!\r8@2&E&\\͗*\\\ÖrK6\"N\W\I\\G\f/BÇ[\\7i\:i\|2e\׍2\w\ZS*u6\1m\\d)N\nsWdt\h7:c\\0I^\­P2;v\l\><Y\\j<\Y\ɛ\\z1f\\s>LF<A1K\nEk\<&<9\\,ȷ\\Z|d\;+\U\\\!a\\Z3MI=KroǦDd\0\"8\\\yj(\\\<\s\:5#\dػ\>\rZC\0xNt/|\bˍwh\05oˣ6t\\/Y[\US(\\x@ҴN\nԞ\=\'\[\\\5}\\9/#~u\\ȿ\\\\97{g\>O6\c	\\c\\\"Vk\0hO|NIǝ\V7\]KׄY*\0\\r?l۳IE\r\:L>ɛ?zHJ\HΪ\u85\\`\0oI\Q\=t\ r.\qeEB̶\02\{|\_M\郛B\\ߦ_\']\\_ѭ<c\YB\O\L\F?\}ц,wn\\ʺVk*<]IQ\blhO\@Q	E~s\0bXS2\\G͊7:uum>RE\\Ft\uT{\"$^\\r\\\\\:I=r\wS\7T7|\rQ\"#\ s%iU׮Vs9mH\\ !\U\0Y\\Z\_\neDr\r,\\$\\Ҕu#*oRE\r(\.\\F`\\U&ֺ\(\R_+V+~@	9+\1\\>$(z\Z\c\rdv)1\Eii\Ո?0\"t\O`_Wc]a\0N*\n[4H8v\ $\\"1)*\0c7nEt\V\r\\,a}\HJ\ Q\n\z\M\"zih\\ک \.+\0\h\i\NbD\T)\d\Bn\\\^NA\\\1\"\MI\0\l\[\%yt\\0\OK\#%\r\\¥Zۨ.]Hu\Z\=d\'\[jE-u3 R\n\z\pЏd\\\\\P\pcZa`< \\\Z\S(\\\nn1\!q\\"h\\5޻\o񸭝\@\Z=~ˑ\u8\6\\ZkFLj\m!Wrm\_tM\\h%u\$B\Z\ަ&\d\)_|jƅ\o u\A\Z\t~:+bs\Z\\l\ \л*,ӴW\\\) 릧\pq\\gÓr\?ӷB־6vK\\U[\\f\><܌bk܍\9ը \LYy/\?2Kv\uaq.Hkk\ܖ\\\\nf\IUюDD{\_ͧh;`[h0ڬfݲ98\lXf̧hd`Ǡ_\evkE$UOWcw a\RAPId\\Ï\\ae\hHq˞\\ˈT\:\n\.l\2\\&C\0*\w\\ZT_ɘ\`.\\\\u\.\V\|9q\\ru\#>\Mv5\eTGq\r\m\-s5\r\i\f\p,Yy	\1\dTW\*u\q-nP`7%US\z0쵻#^^\O~\cf\\Ap~^̞FA(\0\n+jYS\T2\#\=\k5s\0ə\Q\n_-Aϛ5h5&>/!p\\\<\\(7\"Yvf\Z\#\Sk\c6\X\\n!ɿЦ|~eį\ϘqF[6Aظ\i_P\Z\ab\.\3w\\F%M)aU2w\\𓒜n:\vwHߒFSЀ*/\c}b-\V\¯p\rʘ\uۅKK\u\'\݀؊lYf\3<tzv	\nuCqP嬕#\O-^?[.C\ؽP7(\i?\f2\^6\\\l{W.C\\e[9o\_D\04/븢z\\\\?\\\\0\vm\\ԴH6U\\\\\nաgJݲ\裩&?&\S\/\\\\!\ݯaR	L\Pٲ(\Hd=2ݡ\Z\ӿk.\^\RE)P>=2\!Sx@I\{E|q\;T\\b`L@\"\G^\fƬ\*\;M~k\~{\q\@Ϝ~er4Y(\\\ia\{L\5\j\F\pp738\X\eca:Y\ӛ\3a\\$:)uqCvm	_V\;\wT(:Rr\\~\\l\\!\&,סU\\5\\Vp:qyl\Õ\Ë\vpn\|Ǐ\9q\,96rrbRUcv3^~l\WBN01G;\koz\Z\뽯>V,>`|IKO\qp?9	\\\M\rCD\˃\ݮl\r\`ȣ\\RoŐ<ޙ>RG\\4:YێG\S\eL\0\G`t\\\\-\0\6\r<H\[H\U\\YZ`\\[\d2\ب9,-D\:i\v\\\Uu\\0)~\\\\SЅF\;q#|\\0K\IAfR,}e5f\\"r\r\RAdR\n,LG\P~\N\Bc\gC\5ԂMh\0\\Z\\'\;K\r;63s\KP|K\0[C&\S\|\n֏\\\}Uё\eEY\\2\\{Nl]B9\\\#\FԺw\|J\\|\\\:>\\/%2/\rUX\\s\\\\+ly6۟1\/qe\_ws|Y}t\\-~\"qNVJg@\t\5\\\\DMqb\\JM\gPh٪\%t\Y!\#U(zw0\\(\\슸\jzzD}W|sFY\sW|8ה\r4\zJF=\ؒ%\\\\b\[ $>|4P*v\트_a\\!Afҏ[8\j	\\\\TF\jkw\\DD%8\@bl\\"\\'Mj\\\";FK~bt?l0\ZqQӧ¢\6XjoPb\IiU\	|9+TzYo ]X6-{TYꀨ\?d=,?\ H-\3&a\au\\\V!CZԅ\1\\0:\0NB:\\\0IG\&ֺ\q\ʿ=MwkCx\H=\(BUR\\\T+F\M\\OOK4>F5J41h\Y@\nIF\2cf4ӼqI\/\\n\T5\~2\a\!-5@\rō`	6z\&aH\\r\\.2Q\N\dP\UJ5`\\ r\l||#\]\r~%K~Z?\nj\%eҋ;_\\\n@;\Ҁ7d_K\GHJQjq\\"v	PV\rjL%5w$({G4`!\=\Y.Ҽ<u\ຑ\\(IԼ\\bM\* UM~s%O\b\2ctK7\%=H\-\0W:ȭbȯ\PGZ=j\\Xԇ\OT\Z\:KK,B\d\0\Z@H\\EPoœ36\\7\b?>>\\|M\\mn2ݍ\\^l5\Zd\L\o\\-\\\UoC$,y6\\Jb%o\lɳB($\l̻1I\[3\_+xKM\'\\\6\\6<H\y\r\Z)]۸\\\k\;7jT\pа\*Q9@6;\r\'#Th\Z\X>LlN\V\"T99A\+\ƣ\\\\b6\;.,\LM\1\я/\nX\K5\'RY\r}c\0 c\\\\2:\|NLtQF\\^&,\\\hv3z\C\9\3\0)\@\\tFv*\0N\'0r2hTl\o\+rd \H\@\H\eI#nj@v$}/$@fK*8b\n\Zj&K$+ԍF\\\0q\2Reס\"_\\a\\;@\3\?0U\ª\yu\R1\dՆi\r?%Î M.?ɑF<k՘\\^V\\>{E\gls\n1\\ܚ3\9kL\%[u\\ٕd(D]\]Oc{;\\\rt\<2@ض\0[a`	\pO\\\\nz2Q&#)(Ii_\z}U\0\\_\Ȣ\lD\rL\"?\f7\T\yZL[:\n\\<\LêC\\ο4ۇ\9p%>v\ܿ\\V^\n1RMxRQel)R\\\\q#lٶ|B\#v5\1\\p+\\\\ߓ>MϕA?Wf[\X\%Eǟ\Ë\n3Vyu\\\\~U=\\{\r	oq!\0\D990 UF\\\|~pPY\0jFY\q	j&c\\'\\I#\vf:xtu\F<*q\#\M:[ 41/\RʏLu\Y\\S?<>P\0PO9\r\Zh	\\!\Gā\&V, +߯i0\\ee\511Z|#z\\\Z\}\<\Y\\\X\c\XU*vm\iReh\\2\ ?Pj\\>7rF͛S*\n\6ɢlY\-kL\01\Z\%\q\?\D	*vG[lK#St\\\6\0Վ\\y\ʣ%l\p\+\\\vN\5\\dz`\r\0n~n\"@;\\vD\\\v-ՎF\\h\\WH\r\P\\\{XI\\Z\gbɪ\ݫ\E&\\r\ZmwI*\$\\Iø3\l\ZWZ\"\Z:W\Z\\؂+U#[\r7=j\\K]\ogW6\-\\r&1\TRSۿ\*\JYt\\\\J\_\Fʯ:\O\J؆j\\]\sF\Ƃ\\xJ#\0\OZ \\Bn\0r5\r\c\iU6/\0H\w\\r c\{\cv\_|qBwU?H\	|> \0n!k\́_\n24B5?\S\:˶|?	\b\0h&V\\2_\\F4$%A\-nWǼ\;`=0\\X\d#^Ag%b\\\\\@=5FS\\0	7Z7a\_Χw\\-l\\Ox4\0ق\@/\!CZ\u̵G_~`\0@\UG\pF\m\0+(B\5a\G\\v.I\yH)t\Z\|\1[)\.=\\q}\"d-\n\n|w\\Yw׎ݣi\j.\r\nSu\Qq\8\4*-h4]lbnڭq\\|x>\\DF>BǠ%22\\r`e\@\\	xi\V_݅\'Z0cсR~D	3\11*rrY\U\\Y:lYW70Rxz|vuk\\0l62>Veڥq\![ \iBxb\nv):k\re\yI?V\t?	Y\\]G\.Yʔ#q\/Ln+#/q! Z\rN~c\\"\\?\0P\Z\\Gؓ\2q\,R\x\Zu\Z\\pU2\IZw\\\"H\n\\F-\$Q\r]~(\v\Wfv\EW\!ryshVOY/\_O\|1[>\*|Fx)m\U\yKَPX\rv)~浵yVMh]\\FL\0N\EٻqS꺖`\o\\\[\\|e\	q.\\ICoĿ\\\04.(A\I\'MƘxܱ6Lj]H\A\0/p\b_J\7\Y5b,,.j\"\j;\i^3V.$t:j,\\\Yjdʻ\t\ug!\Nx\v.R7~2Ό>`\rрw\c-e#cD\\Q\\\0]&\\n|\0\M\[\,3\wzoy9T\q#>s\\T(Gq+ڌŘ.\\\z^(\*3h\{0A\\h>$ɗW\;/M\0\C3\\\\vS)u*7R_\;pd\%9,P\Z\}x\əoF\N/~oM	d\v^\0M?A\\`k\"w\Z1.ȸr\n\~\"z\o\0j2W1\\`*3\|%9?nq3Ϊ\sW>tg_STt6@G\\t<uS[\\\#\rq}TX\N?7\}\0\dbt;P2C-\\ҽ^],3\\y[Y$qjJ\\m\\<Ǭ0PS_\nm\57L\'\n\\\e,ʅ9\4\N\_0#KXq\Z}mR|\:|.G\\.S\9\S.fߎRrnӉ}4\dR\n\\k2,\KË6bNDP\')rn\v\07ԯm\U\}nHZ\_j;\\\'i|s\0\\*\-\r\v\gC0\ZxiI\Ph\\\c\uV:}C7NdS\k\mGO[.<,dY>Q2nUQܛ%¨\HO@)>>09 \\ց\Z\H,fa&´F\׷I^D_Sn!\\Y\+\;c!\mvt)vQ\ZU\'PVln!\\5A/?R\\\\\C3Q6\ݼwx\b\\r7D I0[P\ue\\0mY\\2d\ӢF\r\0mo\vZ4($\XuP\r\\\e\T\zE\1\UE?\H,l4k\!\\tv\Z\T\{M|e\" P\\\>f IP$U\0I\_8@Ҟ\c\ \w̽\0(};tu/\\Ģm(hM\\2\\nc1WPt?\(K-\n\0CRkw\%`٭Mtf\C\\ƆBje=\\'\\4h>?y@!v\\n4\0w7g\$EPY3\Z3>˭֢AѬxD0\h\:\\(\e\dL\΅\{t1M|O\Ĉ3;YZ\AZ\"+\\\0\\9qM#]?C\H\\B\tT@H\\"DXAd(ઃ]\|?y\\\Q:K$\o\dxFEf\I P\\4\\*\mI\`\"\\ڶOC:Bf\;\+D`z}ѶJ\Bÿ\.Iw֯\++h52l\	\\nR)AK$)\\B6ߛ\$k\w\vH@ٳ\\ǾH)g?\\I$@ަ\:v\}y\\n1\_\	$	ۮ鷯i$W\K\}!;V\$\OV\0W\\퉓}\_\I%\XN~2rWI$\2\0R;n_mu\\$oq_b\0\\:>\$4\"\y>\˿]I$46?WN\0\4GoO\I&S-[=_j ^w{I\Lg>7]i&k\\0\m\HZh\\0_zz[}?\\\\"sS뤯\$\멪\|\W\\\\t\0N\$t\:4\K~\k\뷵\\\ޟ\0\\\?IO\\\0\o\\0ﯾ\\0lU\\\Y\r7kRI9\NJk\\\\0\^_ߦv3\Ou\$Mz{\01\\\\0W_KMz۫pvUoM=g\\_\ln\\\i\)\\\\_Un\}\\$3\\\\\\^\\u\ߚ\/?\0\W_muI$w?\0\f\\\[o\5W\~W\I\'n-:{u\\\\\"&\\\$\s߫\\.KջW\I mh\]\JZ\\URI!Y-\n\.ӧ\I&&~S=jݷ\uuwSs]\\\\$0wW}?\\\I%V\wVߌ\=?H\n\\n\mxcK\=jLM-	u\\\\\\"m?>\$ح~w\\~\\\\\$&vU_@oּd\0\+\g\u~\$<WN\\V/oMwdR	f\\\\b\';zTHTO?o\ZׇyYݰw\$]\z\\Zx糲>\$\^ѺVΝ4\35Y\w$\0M.A\_$\?q\_I$ZlEw\\lOm[;I$|Gz\\\כmUw\ϥݷg[+\I$\/\\\ݿ˯\3?\0㺯IW^\~[\"\\i$!\'),(2,_binary '','Paris','2020-01-27 08:31:39','euro','75','my descezaeaz useeerrrr ADMINe',20.00,5.99,25.00,'eazoelaopzle aze ae a','thats firstazeaeae fheo','2020-01-27 08:31:39','dba77f99-d075-4d8d-8108-cff06c1d4f48',1,NULL),(3,_binary '','Paris','2020-01-27 09:25:52','euro','75','my descezaeaz useeerrrr ADMINe',20.00,5.99,25.00,'eazoelaopzle aze ae a','thats firstazeaeae fheo','2020-01-27 09:25:52','1e4be04d-3264-4548-9e5e-14b20e17084a',1,NULL),(4,_binary '','Paris','2020-01-27 09:25:53','euro','75','my descezaeaz useeerrrr ADMINe',20.00,5.99,25.00,'eazoelaopzle aze ae a','thats firstazeaeae fheo','2020-01-27 09:25:53','278b8076-3568-43bb-8d57-3ce25f0c1586',1,NULL),(5,_binary '','Paris','2020-01-27 09:25:54','euro','75','my descezaeaz useeerrrr ADMINe',20.00,5.99,25.00,'eazoelaopzle aze ae a','thats firstazeaeae fheo','2020-01-27 09:25:54','53edadf6-9c7b-4f89-a80a-a9cbafa454c2',1,NULL),(6,_binary '','Paris','2020-01-27 09:25:55','euro','75','my descezaeaz useeerrrr ADMINe',20.00,5.99,25.00,'eazoelaopzle aze ae a','thats firstazeaeae fheo','2020-01-27 09:25:55','74ed2965-3676-4f10-96af-aafb4beb0b46',1,NULL),(7,_binary '','Paris','2020-01-27 09:25:56','euro','75','my descezaeaz useeerrrr ADMINe',20.00,5.99,25.00,'eazoelaopzle aze ae a','thats firstazeaeae fheo','2020-01-27 09:25:56','08ef2623-1522-4207-9523-2a247de801b7',1,NULL),(8,_binary '','Paris','2020-01-27 09:25:56','euro','75','my descezaeaz useeerrrr ADMINe',20.00,5.99,25.00,'eazoelaopzle aze ae a','thats firstazeaeae fheo','2020-01-27 09:25:56','4fccc7b6-8148-4ed4-8ce4-e730310c3591',1,NULL),(9,_binary '','Paris','2020-02-09 10:51:13','Euro','75','Lorem ipsum dolor sit amet, consectetur adipiscing elit. Nam sagittis metus massa, in molestie orci pretium sed. Integer cursus pellentesque quam quis tempus. Vivamus blandit orci at lorem auctor, ut malesuada tortor iaculis. Pellentesque blandit ante et nibh fermentum mattis. Nam blandit augue ut rutrum consectetur. In lobortis sagittis vehicula. Proin sed dolor id felis malesuada tempus. Nunc dictum metus finibus, euismod est eget, interdum lorem.Sed lacinia dolor at scelerisque pulvinar. Pellentesque non bibendum lectus. Sed congue quis lectus vitae ultrices. Praesent augue nulla cursus eget lacus non, dignissim iaculis risus. Sed blandit volutpat tellus nec semper. Nullam ex orci, malesuada sit amet auctor non efficitur vestibulum enim. Quisque ante dolor, semper quis ante vitae, facilisis aliquet neque. Aliquam ac cursus sem. Nunc elementum blandit lacus, vitae fringilla felis lobortis eu.',20.00,5.99,25.00,'eazoelaopzle aze ae a','thats firstazeaeae fheo','2020-02-09 10:51:13','a9cb0f91-23fd-4329-816b-04ec3f773efb',1,NULL);
/*!40000 ALTER TABLE `announces` ENABLE KEYS */;
UNLOCK TABLES;

--
-- Table structure for table `announces_animals_type`
--

DROP TABLE IF EXISTS `announces_animals_type`;
/*!40101 SET @saved_cs_client     = @@character_set_client */;
 SET character_set_client = utf8mb4 ;
CREATE TABLE `announces_animals_type` (
  `announces_id` bigint(20) NOT NULL,
  `animals_type_id` bigint(20) NOT NULL,
  KEY `FKk610cvu8fhub2yl3b2rfwf1lh` (`animals_type_id`),
  KEY `FKrc49qnwg2ytybqugguvdgrvf6` (`announces_id`)
) ENGINE=MyISAM DEFAULT CHARSET=utf8;
/*!40101 SET character_set_client = @saved_cs_client */;

--
-- Dumping data for table `announces_animals_type`
--

LOCK TABLES `announces_animals_type` WRITE;
/*!40000 ALTER TABLE `announces_animals_type` DISABLE KEYS */;
INSERT INTO `announces_animals_type` VALUES (9,2);
/*!40000 ALTER TABLE `announces_animals_type` ENABLE KEYS */;
UNLOCK TABLES;

--
-- Table structure for table `announces_equipments`
--

DROP TABLE IF EXISTS `announces_equipments`;
/*!40101 SET @saved_cs_client     = @@character_set_client */;
 SET character_set_client = utf8mb4 ;
CREATE TABLE `announces_equipments` (
  `announces_id` bigint(20) NOT NULL,
  `equipments_id` bigint(20) NOT NULL,
  KEY `FKcuo2tn860645t9lt91u031jfj` (`equipments_id`),
  KEY `FKaii0strpy25h6rr0ujr1bulye` (`announces_id`)
) ENGINE=MyISAM DEFAULT CHARSET=utf8;
/*!40101 SET character_set_client = @saved_cs_client */;

--
-- Dumping data for table `announces_equipments`
--

LOCK TABLES `announces_equipments` WRITE;
/*!40000 ALTER TABLE `announces_equipments` DISABLE KEYS */;
INSERT INTO `announces_equipments` VALUES (9,1),(9,2);
/*!40000 ALTER TABLE `announces_equipments` ENABLE KEYS */;
UNLOCK TABLES;

--
-- Table structure for table `announces_services`
--

DROP TABLE IF EXISTS `announces_services`;
/*!40101 SET @saved_cs_client     = @@character_set_client */;
 SET character_set_client = utf8mb4 ;
CREATE TABLE `announces_services` (
  `announces_id` bigint(20) NOT NULL,
  `services_id` bigint(20) NOT NULL,
  KEY `FKi7yrltc6w8kevodu047y7vuim` (`services_id`),
  KEY `FKss70dxs79frvqp9xkop0t79mh` (`announces_id`)
) ENGINE=MyISAM DEFAULT CHARSET=utf8;
/*!40101 SET character_set_client = @saved_cs_client */;

--
-- Dumping data for table `announces_services`
--

LOCK TABLES `announces_services` WRITE;
/*!40000 ALTER TABLE `announces_services` DISABLE KEYS */;
INSERT INTO `announces_services` VALUES (9,2);
/*!40000 ALTER TABLE `announces_services` ENABLE KEYS */;
UNLOCK TABLES;

--
-- Table structure for table `bills`
--

DROP TABLE IF EXISTS `bills`;
/*!40101 SET @saved_cs_client     = @@character_set_client */;
 SET character_set_client = utf8mb4 ;
CREATE TABLE `bills` (
  `id` bigint(20) NOT NULL AUTO_INCREMENT,
  `active` bit(1) DEFAULT NULL,
  `amount` int(11) DEFAULT NULL,
  `charge_id` varchar(255) DEFAULT NULL,
  `created` bigint(20) DEFAULT NULL,
  `created_at` datetime DEFAULT NULL,
  `currency` varchar(255) DEFAULT NULL,
  `exp_month` varchar(255) DEFAULT NULL,
  `exp_year` varchar(255) DEFAULT NULL,
  `is_paid` bit(1) DEFAULT NULL,
  `last_card_numbers` varchar(255) DEFAULT NULL,
  `network` varchar(255) DEFAULT NULL,
  `payment_type` varchar(255) DEFAULT NULL,
  `type` varchar(255) DEFAULT NULL,
  `updated_at` datetime DEFAULT NULL,
  `url_receipt` varchar(255) DEFAULT NULL,
  `booking_id` bigint(20) DEFAULT NULL,
  `user_id_id` bigint(20) DEFAULT NULL,
  `country` varchar(255) DEFAULT NULL,
  PRIMARY KEY (`id`),
  KEY `FKe4mlsjdf8jo93ntvxah5sk6xj` (`booking_id`),
  KEY `FKokk5gba50p3ummllh9al64ojs` (`user_id_id`)
) ENGINE=MyISAM AUTO_INCREMENT=13 DEFAULT CHARSET=latin1;
/*!40101 SET character_set_client = @saved_cs_client */;

--
-- Dumping data for table `bills`
--

LOCK TABLES `bills` WRITE;
/*!40000 ALTER TABLE `bills` DISABLE KEYS */;
INSERT INTO `bills` VALUES (1,_binary '',5000,'1234',127476492,'2020-02-20 08:35:23','eur','11','2019',_binary '\0','4242','visa','card','card','2020-02-20 08:35:23','http://local.com',1,1,'US'),(2,_binary '',5000,'1234',127476492,'2020-02-20 08:40:45','eur','11','2019',_binary '\0','4242','visa','card','card','2020-02-20 08:40:45','http://local.com',1,1,'US'),(3,_binary '',5000,'tok_1GEAfzJArVWS6ptEn6fqvnGc',127476492,'2020-02-20 08:46:33','eur','11','2019',_binary '\0','4242','visa','card','card','2020-02-20 08:46:33','http://local.com',1,1,'US'),(4,_binary '',6400,'tok_1GEApIJArVWS6ptEgqPn5foI',NULL,'2020-02-20 08:56:10',NULL,'11','2019',_binary '\0','4242','visa','card',NULL,'2020-02-20 08:56:10','TODO',1,1,NULL),(5,_binary '',2500,'tok_1GEBCWJArVWS6ptEXFhDthif',NULL,'2020-02-20 09:20:09',NULL,NULL,NULL,_binary '\0',NULL,'token',NULL,NULL,'2020-02-20 09:20:09','TODO',1,1,NULL),(6,_binary '',7100,'tok_1GEBDhJArVWS6ptE7mHd2xsC',NULL,'2020-02-20 09:21:23',NULL,NULL,NULL,_binary '\0',NULL,'token',NULL,NULL,'2020-02-20 09:21:23','TODO',1,1,NULL),(7,_binary '',8400,'tok_1GEBsfJArVWS6ptEr9WYeJ5Z',NULL,'2020-02-20 10:03:44',NULL,NULL,NULL,_binary '\0',NULL,'token',NULL,NULL,'2020-02-20 10:03:44','TODO',1,1,NULL),(8,_binary '',5100,'tok_1GEC54JArVWS6ptELsprcfga',NULL,'2020-02-20 10:16:33',NULL,NULL,NULL,_binary '\0',NULL,'token',NULL,NULL,'2020-02-20 10:16:33','TODO',19,1,NULL),(9,_binary '',5800,'tok_1GECCWJArVWS6ptEHWLWmHN2',NULL,'2020-02-20 10:24:15',NULL,NULL,NULL,_binary '\0',NULL,'token',NULL,NULL,'2020-02-20 10:24:15','TODO',22,1,NULL),(10,_binary '',1800,'tok_1GECJkJArVWS6ptEZnQZGSDC',NULL,'2020-02-20 10:31:42',NULL,NULL,NULL,_binary '\0',NULL,'token',NULL,NULL,'2020-02-20 10:31:42','TODO',28,1,NULL),(11,_binary '',1200,'tok_1GECOSJArVWS6ptEyQIJlPUU',1582194992,'2020-02-20 10:36:34',NULL,'2','2039',_binary '\0','4242','Visa','card','card','2020-02-20 10:36:34','TODO',29,1,'US'),(12,_binary '',5100,'tok_1GECZuJArVWS6ptEHTbJqYj9',1582195702,'2020-02-20 10:48:25','Eur','4','2024',_binary '\0','4242','Visa','card','card','2020-02-20 10:48:25','TODO',30,1,'US');
/*!40000 ALTER TABLE `bills` ENABLE KEYS */;
UNLOCK TABLES;

--
-- Table structure for table `booking`
--

DROP TABLE IF EXISTS `booking`;
/*!40101 SET @saved_cs_client     = @@character_set_client */;
 SET character_set_client = utf8mb4 ;
CREATE TABLE `booking` (
  `id` bigint(20) NOT NULL AUTO_INCREMENT,
  `active` bit(1) DEFAULT NULL,
  `capacity_animals` int(11) DEFAULT NULL,
  `created_at` datetime DEFAULT NULL,
  `currency` varchar(255) DEFAULT NULL,
  `end_at` datetime DEFAULT NULL,
  `is_confirmed` bit(1) DEFAULT NULL,
  `is_paid` bit(1) DEFAULT NULL,
  `start_at` datetime DEFAULT NULL,
  `total_price` decimal(19,2) DEFAULT NULL,
  `updated_at` datetime DEFAULT NULL,
  `uuid` varchar(255) DEFAULT NULL,
  `announces_id` bigint(20) DEFAULT NULL,
  `user_id` bigint(20) DEFAULT NULL,
  PRIMARY KEY (`id`),
  KEY `FKi4vm6w3btnc6ss48gl4ef5ely` (`announces_id`),
  KEY `FK7udbel7q86k041591kj6lfmvw` (`user_id`)
) ENGINE=MyISAM AUTO_INCREMENT=31 DEFAULT CHARSET=utf8;
/*!40101 SET character_set_client = @saved_cs_client */;

--
-- Dumping data for table `booking`
--

LOCK TABLES `booking` WRITE;
/*!40000 ALTER TABLE `booking` DISABLE KEYS */;
INSERT INTO `booking` VALUES (1,_binary '',0,'2020-01-27 09:28:37','euro','2016-01-26 20:34:55',_binary '\0',_binary '\0','2016-01-25 20:34:55',100.00,'2020-01-27 09:28:37','5a5579e6-2fb2-45ab-a229-2ce77c3006dc',2,1),(2,_binary '',0,'2020-01-27 09:29:07','euro','2016-01-26 20:34:55',_binary '\0',_binary '\0','2016-01-25 20:34:55',100.00,'2020-01-27 09:29:07','5dab4ec6-4ba4-41be-877a-e788d870f211',1,1),(3,_binary '',0,'2020-01-27 09:29:08','euro','2016-01-26 20:34:55',_binary '\0',_binary '\0','2016-01-25 20:34:55',100.00,'2020-01-27 09:29:08','b4636d95-8b4e-4fcd-87a9-b949c68c5f35',1,1),(4,_binary '',0,'2020-01-27 09:30:18','euro','2016-01-26 20:34:55',_binary '\0',_binary '\0','2016-01-25 20:34:55',100.00,'2020-01-27 09:30:18','40177d48-dc6c-4096-9501-33f8599285bf',1,1),(5,_binary '',0,'2020-01-27 09:30:20','euro','2016-01-26 20:34:55',_binary '\0',_binary '\0','2016-01-25 20:34:55',100.00,'2020-01-27 09:30:20','56fddfdc-0dd1-4a81-b7fb-b752288f14ee',1,1),(6,_binary '',0,'2020-01-27 09:30:30','euro','2016-01-26 20:34:55',_binary '\0',_binary '\0','2016-01-25 20:34:55',100.00,'2020-01-27 09:30:30','fa878e5d-3375-40e3-bb95-46558c9e784d',1,1),(7,_binary '',0,'2020-01-27 09:30:55','euro','2016-01-26 20:34:55',_binary '\0',_binary '\0','2016-01-25 20:34:55',100.00,'2020-01-27 09:30:55','a395622c-8c50-469e-988d-ea15f9e9b8ce',1,1),(8,_binary '',0,'2020-01-27 09:42:26','euro','2016-01-26 20:34:55',_binary '\0',_binary '\0','2016-01-25 20:34:55',100.00,'2020-01-27 09:42:26','8b9f6221-2902-4a39-9eb1-5368e9c13774',1,1),(9,_binary '',0,'2020-01-27 09:43:45','euro','2016-01-26 20:34:55',_binary '\0',_binary '\0','2016-01-25 20:34:55',100.00,'2020-01-27 09:43:45','d642407f-cc4e-4370-9655-3e619ecb9d44',1,1),(10,_binary '',0,'2020-01-27 09:43:47','euro','2016-01-26 20:34:55',_binary '\0',_binary '\0','2016-01-25 20:34:55',100.00,'2020-01-27 09:43:47','74f84028-478f-4aa6-8b89-28edc0e8e728',1,1),(11,_binary '',0,'2020-01-27 09:43:49','euro','2016-01-26 20:34:55',_binary '\0',_binary '\0','2016-01-25 20:34:55',100.00,'2020-01-27 09:43:49','b3828ccd-70ea-4552-aae2-092bc5419cae',1,1),(12,_binary '',0,'2020-02-20 10:03:42','Euro','2016-01-26 21:34:55',_binary '\0',_binary '\0','2016-01-25 21:34:55',100.00,'2020-02-20 10:03:42','7ad9e55f-93b5-469d-a1ca-8fb712fbfcc6',1,1),(13,_binary '',0,'2020-02-20 10:10:21','Euro','2016-01-26 21:34:55',_binary '\0',_binary '\0','2016-01-25 21:34:55',100.00,'2020-02-20 10:10:21','6e665c12-152e-423d-a1bf-991377567805',1,1),(14,_binary '',0,'2020-02-20 10:10:30','Euro','2016-01-26 21:34:55',_binary '\0',_binary '\0','2016-01-25 21:34:55',100.00,'2020-02-20 10:10:30','48c9baf3-b380-4d3c-a66e-6e3c71fd31e8',1,1),(15,_binary '',0,'2020-02-20 10:10:39','Euro','2016-01-26 21:34:55',_binary '\0',_binary '\0','2016-01-25 21:34:55',100.00,'2020-02-20 10:10:39','ab6c8ad7-9df7-4869-81d8-fc709e69ffad',1,1),(16,_binary '',0,'2020-02-20 10:11:02','Euro','2016-01-26 21:34:55',_binary '\0',_binary '\0','2016-01-25 21:34:55',100.00,'2020-02-20 10:11:02','a683eee3-0c15-4f1b-bead-4b66e43d2c80',1,1),(17,_binary '',0,'2020-02-20 10:11:09','Euro','2016-01-26 21:34:55',_binary '\0',_binary '\0','2016-01-25 21:34:55',100.00,'2020-02-20 10:11:09','4d68d5d8-621f-4a7a-8e30-3914988f85f0',1,1),(18,_binary '',0,'2020-02-20 10:11:26','Euro','2016-01-26 21:34:55',_binary '\0',_binary '\0','2016-01-25 21:34:55',100.00,'2020-02-20 10:11:26','045e5d13-5987-4e48-8b9c-cce653d64be9',1,1),(19,_binary '',0,'2020-02-20 10:16:31','Euro','2016-01-26 21:34:55',_binary '\0',_binary '\0','2016-01-25 21:34:55',51.00,'2020-02-20 10:16:31','37f78f8c-7802-402f-a7a7-add93b2c66bf',9,1),(20,_binary '',0,'2020-02-20 10:18:34','Euro','2016-01-26 21:34:55',_binary '\0',_binary '\0','2016-01-25 21:34:55',100.00,'2020-02-20 10:18:34','0e9f645b-2aa0-4455-9441-15ce7340e557',1,1),(21,_binary '',0,'2020-02-20 10:18:47','Euro','2016-01-26 21:34:55',_binary '\0',_binary '\0','2016-01-25 21:34:55',100.00,'2020-02-20 10:18:47','8ad509e8-4c38-4c45-95b3-82994dc1fae6',1,1),(22,_binary '',0,'2020-02-20 10:24:13','Euro','2016-01-26 21:34:55',_binary '\0',_binary '\0','2016-01-25 21:34:55',58.00,'2020-02-20 10:24:13','8f4040ca-04b3-4caa-bfc9-9dca12404318',9,1),(23,_binary '',0,'2020-02-20 10:25:18','Euro','2016-01-26 21:34:55',_binary '\0',_binary '\0','2016-01-25 21:34:55',100.00,'2020-02-20 10:25:18','be1e328d-428a-4979-a3ca-74c9332b9ac5',1,1),(24,_binary '',0,'2020-02-20 10:26:24','Euro','2016-01-26 21:34:55',_binary '\0',_binary '\0','2016-01-25 21:34:55',100.00,'2020-02-20 10:26:24','e6a63a3b-9610-4e0c-bfc2-65f5c248a91b',1,1),(25,_binary '',0,'2020-02-20 10:30:18','Euro','2016-01-26 21:34:55',_binary '\0',_binary '\0','2016-01-25 21:34:55',100.00,'2020-02-20 10:30:18','497c7321-6b46-4f59-b8fe-7234301756f6',1,1),(26,_binary '',0,'2020-02-20 10:30:46','Euro','2016-01-26 21:34:55',_binary '\0',_binary '\0','2016-01-25 21:34:55',100.00,'2020-02-20 10:30:46','e7eb49fa-4e34-44d1-a5d9-d74a425ba34e',1,1),(27,_binary '',0,'2020-02-20 10:30:58','Euro','2016-01-26 21:34:55',_binary '\0',_binary '\0','2016-01-25 21:34:55',100.00,'2020-02-20 10:30:58','a957655a-6e52-40d0-8f1e-fb89694418a7',1,1),(28,_binary '',0,'2020-02-20 10:31:41','Euro','2016-01-26 21:34:55',_binary '\0',_binary '\0','2016-01-25 21:34:55',18.00,'2020-02-20 10:31:41','bcf70dd6-65e5-467e-a7b0-2e2e831bda97',9,1),(29,_binary '',0,'2020-02-20 10:36:33','Euro','2016-01-26 21:34:55',_binary '\0',_binary '\0','2016-01-25 21:34:55',12.00,'2020-02-20 10:36:33','5b290b66-2ba8-4cc0-8496-f1789f2d1725',9,1),(30,_binary '',0,'2020-02-20 10:48:23','Euro','2016-01-26 21:34:55',_binary '\0',_binary '\0','2016-01-25 21:34:55',51.00,'2020-02-20 10:48:23','2570a1e2-6a8d-4542-98fb-603223f88407',9,1);
/*!40000 ALTER TABLE `booking` ENABLE KEYS */;
UNLOCK TABLES;

--
-- Table structure for table `bookings_animals_types`
--

DROP TABLE IF EXISTS `bookings_animals_types`;
/*!40101 SET @saved_cs_client     = @@character_set_client */;
 SET character_set_client = utf8mb4 ;
CREATE TABLE `bookings_animals_types` (
  `booking_id` bigint(20) NOT NULL,
  `animals_type_id` bigint(20) NOT NULL,
  KEY `FK8lrrd4pv1f5mdoyxvno8ikb9u` (`animals_type_id`),
  KEY `FKlrmul67eh9gjgviunhsss9co2` (`booking_id`)
) ENGINE=MyISAM DEFAULT CHARSET=utf8;
/*!40101 SET character_set_client = @saved_cs_client */;

--
-- Dumping data for table `bookings_animals_types`
--

LOCK TABLES `bookings_animals_types` WRITE;
/*!40000 ALTER TABLE `bookings_animals_types` DISABLE KEYS */;
INSERT INTO `bookings_animals_types` VALUES (8,1),(9,1),(10,1),(11,1),(12,1),(13,1),(14,1),(15,1),(16,1),(17,1),(18,1),(19,2),(20,4),(21,4),(22,2),(23,4),(24,4),(25,4),(26,4),(27,4),(28,2),(29,2),(30,2);
/*!40000 ALTER TABLE `bookings_animals_types` ENABLE KEYS */;
UNLOCK TABLES;

--
-- Table structure for table `bookings_services`
--

DROP TABLE IF EXISTS `bookings_services`;
/*!40101 SET @saved_cs_client     = @@character_set_client */;
 SET character_set_client = utf8mb4 ;
CREATE TABLE `bookings_services` (
  `booking_id` bigint(20) NOT NULL,
  `service_id` bigint(20) NOT NULL,
  KEY `FKhx3qgb3cbqptycdppoaq10h82` (`service_id`),
  KEY `FKj4evdpolo3djlxes006ejj02` (`booking_id`)
) ENGINE=MyISAM DEFAULT CHARSET=utf8;
/*!40101 SET character_set_client = @saved_cs_client */;

--
-- Dumping data for table `bookings_services`
--

LOCK TABLES `bookings_services` WRITE;
/*!40000 ALTER TABLE `bookings_services` DISABLE KEYS */;
INSERT INTO `bookings_services` VALUES (8,1),(9,1),(10,1),(11,1),(12,2),(13,2),(14,2),(15,2),(16,2),(17,3),(18,3),(19,2),(20,3),(21,3),(22,2),(23,3),(24,3),(25,3),(26,3),(27,3),(28,2),(29,2),(30,2);
/*!40000 ALTER TABLE `bookings_services` ENABLE KEYS */;
UNLOCK TABLES;

--
-- Table structure for table `equipments`
--

DROP TABLE IF EXISTS `equipments`;
/*!40101 SET @saved_cs_client     = @@character_set_client */;
 SET character_set_client = utf8mb4 ;
CREATE TABLE `equipments` (
  `id` bigint(20) NOT NULL AUTO_INCREMENT,
  `name` varchar(255) DEFAULT NULL,
  PRIMARY KEY (`id`)
) ENGINE=MyISAM AUTO_INCREMENT=6 DEFAULT CHARSET=utf8;
/*!40101 SET character_set_client = @saved_cs_client */;

--
-- Dumping data for table `equipments`
--

LOCK TABLES `equipments` WRITE;
/*!40000 ALTER TABLE `equipments` DISABLE KEYS */;
INSERT INTO `equipments` VALUES (1,'gamelle'),(2,'niche'),(3,'jardin'),(4,'croquettes spéciales'),(5,'douche');
/*!40000 ALTER TABLE `equipments` ENABLE KEYS */;
UNLOCK TABLES;

--
-- Table structure for table `services`
--

DROP TABLE IF EXISTS `services`;
/*!40101 SET @saved_cs_client     = @@character_set_client */;
 SET character_set_client = utf8mb4 ;
CREATE TABLE `services` (
  `id` bigint(20) NOT NULL AUTO_INCREMENT,
  `name` varchar(255) DEFAULT NULL,
  PRIMARY KEY (`id`)
) ENGINE=MyISAM AUTO_INCREMENT=11 DEFAULT CHARSET=utf8;
/*!40101 SET character_set_client = @saved_cs_client */;

--
-- Dumping data for table `services`
--

LOCK TABLES `services` WRITE;
/*!40000 ALTER TABLE `services` DISABLE KEYS */;
INSERT INTO `services` VALUES (2,'matinée'),(3,'midi'),(4,'après-midi'),(5,'soirée'),(6,'nuit'),(7,'journée'),(8,'semaine'),(9,'mois'),(10,'année');
/*!40000 ALTER TABLE `services` ENABLE KEYS */;
UNLOCK TABLES;

--
-- Table structure for table `store_category`
--

DROP TABLE IF EXISTS `store_category`;
/*!40101 SET @saved_cs_client     = @@character_set_client */;
 SET character_set_client = utf8mb4 ;
CREATE TABLE `store_category` (
  `id` bigint(20) NOT NULL AUTO_INCREMENT,
  `created_at` datetime DEFAULT NULL,
  `name` varchar(255) DEFAULT NULL,
  `updated_at` datetime DEFAULT NULL,
  PRIMARY KEY (`id`)
) ENGINE=MyISAM AUTO_INCREMENT=4 DEFAULT CHARSET=latin1;
/*!40101 SET character_set_client = @saved_cs_client */;

--
-- Dumping data for table `store_category`
--

LOCK TABLES `store_category` WRITE;
/*!40000 ALTER TABLE `store_category` DISABLE KEYS */;
INSERT INTO `store_category` VALUES (1,'2020-05-10 10:17:41','accessoire','2020-05-10 10:17:41'),(2,'2020-05-10 10:18:21','jouets','2020-05-10 10:18:21'),(3,'2020-05-10 10:18:25','nourriture','2020-05-10 10:18:25');
/*!40000 ALTER TABLE `store_category` ENABLE KEYS */;
UNLOCK TABLES;

--
-- Table structure for table `store_item`
--

DROP TABLE IF EXISTS `store_item`;
/*!40101 SET @saved_cs_client     = @@character_set_client */;
 SET character_set_client = utf8mb4 ;
CREATE TABLE `store_item` (
  `id` bigint(20) NOT NULL AUTO_INCREMENT,
  `active` bit(1) DEFAULT NULL,
  `affiliate_link` varchar(255) DEFAULT NULL,
  `affiliate_picture` varchar(255) DEFAULT NULL,
  `created_at` datetime DEFAULT NULL,
  `description` varchar(255) DEFAULT NULL,
  `name` varchar(255) DEFAULT NULL,
  `rating` int(11) DEFAULT NULL,
  `updated_at` datetime DEFAULT NULL,
  `uuid` varchar(255) DEFAULT NULL,
  `store_category_id` bigint(20) DEFAULT NULL,
  PRIMARY KEY (`id`),
  KEY `FKrx7k8jab0chkjlrta661t51fi` (`store_category_id`)
) ENGINE=MyISAM AUTO_INCREMENT=4 DEFAULT CHARSET=latin1;
/*!40101 SET character_set_client = @saved_cs_client */;

--
-- Dumping data for table `store_item`
--

LOCK TABLES `store_item` WRITE;
/*!40000 ALTER TABLE `store_item` DISABLE KEYS */;
INSERT INTO `store_item` VALUES (1,_binary '','http://localhost:29292','http://localhost:29222','2020-05-10 10:19:00','my custom desc','Gamelle test',0,'2020-05-10 10:19:00','3e870afa-5d98-4523-98d5-4fdd812521c4',1),(2,_binary '','http://localhost:29292','http://localhost:29222','2020-05-10 10:19:10','my custom desc','Petit jouet chien',0,'2020-05-10 10:19:10','8e78203d-b9b8-4857-8b8b-d3de71ec767b',2),(3,_binary '','http://localhost:29292','http://localhost:29222','2020-05-10 10:19:26','my custom desc','Petit jouet chat',0,'2020-05-10 10:19:26','853d01ff-83fd-46fe-ad05-f180d34aa0bd',2);
/*!40000 ALTER TABLE `store_item` ENABLE KEYS */;
UNLOCK TABLES;

--
-- Table structure for table `user_roles`
--

DROP TABLE IF EXISTS `user_roles`;
/*!40101 SET @saved_cs_client     = @@character_set_client */;
 SET character_set_client = utf8mb4 ;
CREATE TABLE `user_roles` (
  `user_id` bigint(20) NOT NULL,
  `roles` varchar(255) DEFAULT NULL,
  KEY `FKhfh9dx7w3ubf1co1vdev94g3f` (`user_id`)
) ENGINE=MyISAM DEFAULT CHARSET=utf8;
/*!40101 SET character_set_client = @saved_cs_client */;

--
-- Dumping data for table `user_roles`
--

LOCK TABLES `user_roles` WRITE;
/*!40000 ALTER TABLE `user_roles` DISABLE KEYS */;
INSERT INTO `user_roles` VALUES (1,'ROLE_USER'),(2,'ROLE_USER');
/*!40000 ALTER TABLE `user_roles` ENABLE KEYS */;
UNLOCK TABLES;

--
-- Table structure for table `users`
--

DROP TABLE IF EXISTS `users`;
/*!40101 SET @saved_cs_client     = @@character_set_client */;
 SET character_set_client = utf8mb4 ;
CREATE TABLE `users` (
  `id` bigint(20) NOT NULL AUTO_INCREMENT,
  `email` varchar(255) DEFAULT NULL,
  `password` varchar(255) DEFAULT NULL,
  `username` varchar(255) DEFAULT NULL,
  PRIMARY KEY (`id`)
) ENGINE=MyISAM AUTO_INCREMENT=3 DEFAULT CHARSET=utf8;
/*!40101 SET character_set_client = @saved_cs_client */;

--
-- Dumping data for table `users`
--

LOCK TABLES `users` WRITE;
/*!40000 ALTER TABLE `users` DISABLE KEYS */;
INSERT INTO `users` VALUES (1,'admin@admin.fr','$2a$10$bIeUY.3OIvNRKgCs5UpfZ.THLpbrHQldlW41HXqiZDNUXtt//ppAi','admin'),(2,'sylvain@sylvain.fr','$2a$10$Oi.xG5sKgseHMivTGz7IxODZpci0klZlRHSqZ44SR5Fa25HT6bYRa','sylvain');
/*!40000 ALTER TABLE `users` ENABLE KEYS */;
UNLOCK TABLES;

--
-- Table structure for table `vehicles`
--

DROP TABLE IF EXISTS `vehicles`;
/*!40101 SET @saved_cs_client     = @@character_set_client */;
 SET character_set_client = utf8mb4 ;
CREATE TABLE `vehicles` (
  `id` bigint(20) NOT NULL AUTO_INCREMENT,
  `name` varchar(255) DEFAULT NULL,
  PRIMARY KEY (`id`)
) ENGINE=MyISAM DEFAULT CHARSET=utf8;
/*!40101 SET character_set_client = @saved_cs_client */;

--
-- Dumping data for table `vehicles`
--

LOCK TABLES `vehicles` WRITE;
/*!40000 ALTER TABLE `vehicles` DISABLE KEYS */;
/*!40000 ALTER TABLE `vehicles` ENABLE KEYS */;
UNLOCK TABLES;
/*!40103 SET TIME_ZONE=@OLD_TIME_ZONE */;

/*!40101 SET SQL_MODE=@OLD_SQL_MODE */;
/*!40014 SET FOREIGN_KEY_CHECKS=@OLD_FOREIGN_KEY_CHECKS */;
/*!40014 SET UNIQUE_CHECKS=@OLD_UNIQUE_CHECKS */;
/*!40101 SET CHARACTER_SET_CLIENT=@OLD_CHARACTER_SET_CLIENT */;
/*!40101 SET CHARACTER_SET_RESULTS=@OLD_CHARACTER_SET_RESULTS */;
/*!40101 SET COLLATION_CONNECTION=@OLD_COLLATION_CONNECTION */;
/*!40111 SET SQL_NOTES=@OLD_SQL_NOTES */;

-- Dump completed on 2020-05-10 12:30:28
